This is pdfTeX, Version 3.141592653-2.6-1.40.29 (TeX Live 2026) (preloaded format=pdflatex 2026.7.1)  20 SEP 2026 02:45
entering extended mode
 restricted \write18 enabled.
 file:line:error style messages enabled.
 %&-line parsing enabled.
**source.tex
(./source.tex
LaTeX2e <2026-06-01>
L3 programming layer <2026-06-18>
(/opt/texlive/texdir/texmf-dist/tex/latex/base/article.cls
Document Class: article 2025/01/22 v1.4n Standard LaTeX document class
(/opt/texlive/texdir/texmf-dist/tex/latex/base/size11.clo
File: size11.clo 2025/01/22 v1.4n Standard LaTeX file (size option)
)
\c@part=\count276
\c@section=\count277
\c@subsection=\count278
\c@subsubsection=\count279
\c@paragraph=\count280
\c@subparagraph=\count281
\c@figure=\count282
\c@table=\count283
\abovecaptionskip=\skip49
\belowcaptionskip=\skip50
\bibindent=\dimen150
)
(/opt/texlive/texdir/texmf-dist/tex/latex/geometry/geometry.sty
Package: geometry 2026/03/07 v6.0 Page Geometry

(/opt/texlive/texdir/texmf-dist/tex/latex/graphics/keyval.sty
Package: keyval 2026-05-17 v1.15 key=value parser (DPC)
\KV@toks@=\toks17
)
(/opt/texlive/texdir/texmf-dist/tex/generic/iftex/ifvtex.sty
Package: ifvtex 2019/10/25 v1.7 ifvtex legacy package. Use iftex instead.

(/opt/texlive/texdir/texmf-dist/tex/generic/iftex/iftex.sty
Package: iftex 2024/12/12 v1.0g TeX engine tests
))
\Gm@cnth=\count284
\Gm@cntv=\count285
\c@Gm@tempcnt=\count286
\Gm@bindingoffset=\dimen151
\Gm@wd@mp=\dimen152
\Gm@odd@mp=\dimen153
\Gm@even@mp=\dimen154
\Gm@layoutwidth=\dimen155
\Gm@layoutheight=\dimen156
\Gm@layouthoffset=\dimen157
\Gm@layoutvoffset=\dimen158
\Gm@dimlist=\toks18
)
(/opt/texlive/texdir/texmf-dist/tex/latex/base/fontenc.sty
Package: fontenc 2025/07/18 v2.1d Standard LaTeX package
)
(/opt/texlive/texdir/texmf-dist/tex/latex/lm/lmodern.sty
Package: lmodern 2015/05/01 v1.6.1 Latin Modern Fonts
LaTeX Font Info:    Overwriting symbol font `operators' in version `normal'
(Font)                  OT1/cmr/m/n --> OT1/lmr/m/n on input line 22.
LaTeX Font Info:    Overwriting symbol font `letters' in version `normal'
(Font)                  OML/cmm/m/it --> OML/lmm/m/it on input line 23.
LaTeX Font Info:    Overwriting symbol font `symbols' in version `normal'
(Font)                  OMS/cmsy/m/n --> OMS/lmsy/m/n on input line 24.
LaTeX Font Info:    Overwriting symbol font `largesymbols' in version `normal'
(Font)                  OMX/cmex/m/n --> OMX/lmex/m/n on input line 25.
LaTeX Font Info:    Overwriting symbol font `operators' in version `bold'
(Font)                  OT1/cmr/bx/n --> OT1/lmr/bx/n on input line 26.
LaTeX Font Info:    Overwriting symbol font `letters' in version `bold'
(Font)                  OML/cmm/b/it --> OML/lmm/b/it on input line 27.
LaTeX Font Info:    Overwriting symbol font `symbols' in version `bold'
(Font)                  OMS/cmsy/b/n --> OMS/lmsy/b/n on input line 28.
LaTeX Font Info:    Overwriting symbol font `largesymbols' in version `bold'
(Font)                  OMX/cmex/m/n --> OMX/lmex/m/n on input line 29.
LaTeX Font Info:    Overwriting math alphabet `\mathbf' in version `normal'
(Font)                  OT1/cmr/bx/n --> OT1/lmr/bx/n on input line 31.
LaTeX Font Info:    Overwriting math alphabet `\mathsf' in version `normal'
(Font)                  OT1/cmss/m/n --> OT1/lmss/m/n on input line 32.
LaTeX Font Info:    Overwriting math alphabet `\mathit' in version `normal'
(Font)                  OT1/cmr/m/it --> OT1/lmr/m/it on input line 33.
LaTeX Font Info:    Overwriting math alphabet `\mathtt' in version `normal'
(Font)                  OT1/cmtt/m/n --> OT1/lmtt/m/n on input line 34.
LaTeX Font Info:    Overwriting math alphabet `\mathbf' in version `bold'
(Font)                  OT1/cmr/bx/n --> OT1/lmr/bx/n on input line 35.
LaTeX Font Info:    Overwriting math alphabet `\mathsf' in version `bold'
(Font)                  OT1/cmss/bx/n --> OT1/lmss/bx/n on input line 36.
LaTeX Font Info:    Overwriting math alphabet `\mathit' in version `bold'
(Font)                  OT1/cmr/bx/it --> OT1/lmr/bx/it on input line 37.
LaTeX Font Info:    Overwriting math alphabet `\mathtt' in version `bold'
(Font)                  OT1/cmtt/m/n --> OT1/lmtt/m/n on input line 38.
)
(/opt/texlive/texdir/texmf-dist/tex/latex/microtype/microtype.sty
Package: microtype 2026/03/01 v3.2d Micro-typographical refinements (RS)

(/opt/texlive/texdir/texmf-dist/tex/latex/etoolbox/etoolbox.sty
Package: etoolbox 2025/10/02 v2.5m e-TeX tools for LaTeX (JAW)
\etb@tempcnta=\count287
)
\MT@toks=\toks19
\MT@tempbox=\box53
\MT@count=\count288
LaTeX Info: Redefining \noprotrusionifhmode on input line 1084.
LaTeX Info: Redefining \leftprotrusion on input line 1085.
\MT@prot@toks=\toks20
LaTeX Info: Redefining \rightprotrusion on input line 1104.
LaTeX Info: Redefining \textls on input line 1449.
\MT@outer@kern=\dimen159
LaTeX Info: Redefining \microtypecontext on input line 2053.
LaTeX Info: Redefining \textmicrotypecontext on input line 2070.
\MT@listname@count=\count289

(/opt/texlive/texdir/texmf-dist/tex/latex/microtype/microtype-pdftex.def
File: microtype-pdftex.def 2026/03/01 v3.2d Definitions specific to pdftex (RS)

LaTeX Info: Redefining \lsstyle on input line 944.
LaTeX Info: Redefining \lslig on input line 944.
\MT@outer@space=\skip51
)
Package microtype Info: Loading configuration file microtype.cfg.

(/opt/texlive/texdir/texmf-dist/tex/latex/microtype/microtype.cfg
File: microtype.cfg 2026/03/01 v3.2d microtype main configuration file (RS)
)
LaTeX Info: Redefining \microtypesetup on input line 3065.
)
(/opt/texlive/texdir/texmf-dist/tex/latex/amsmath/amsmath.sty
Package: amsmath 2026/05/19 v2.18d AMS math features
\@mathmargin=\skip52

For additional information on amsmath, use the `?' option.
(/opt/texlive/texdir/texmf-dist/tex/latex/amsmath/amstext.sty
Package: amstext 2024/11/17 v2.01 AMS text

(/opt/texlive/texdir/texmf-dist/tex/latex/amsmath/amsgen.sty
File: amsgen.sty 1999/11/30 v2.0 generic functions
\@emptytoks=\toks21
\ex@=\dimen160
))
(/opt/texlive/texdir/texmf-dist/tex/latex/amsmath/amsbsy.sty
Package: amsbsy 1999/11/29 v1.2d Bold Symbols
\pmbraise@=\dimen161
)
(/opt/texlive/texdir/texmf-dist/tex/latex/amsmath/amsopn.sty
Package: amsopn 2022/04/08 v2.04 operator names
)
\inf@bad=\count290
LaTeX Info: Redefining \frac on input line 233.
\uproot@=\count291
\leftroot@=\count292
LaTeX Info: Redefining \overline on input line 398.
LaTeX Info: Redefining \colon on input line 409.
\classnum@=\count293
\DOTSCASE@=\count294
LaTeX Info: Redefining \ldots on input line 495.
LaTeX Info: Redefining \dots on input line 498.
LaTeX Info: Redefining \cdots on input line 619.
\Mathstrutbox@=\box54
\strutbox@=\box55
LaTeX Info: Redefining \big on input line 721.
LaTeX Info: Redefining \Big on input line 722.
LaTeX Info: Redefining \bigg on input line 723.
LaTeX Info: Redefining \Bigg on input line 724.
\big@size=\dimen162
LaTeX Font Info:    Redeclaring font encoding OML on input line 742.
LaTeX Font Info:    Redeclaring font encoding OMS on input line 743.
\macc@depth=\count295
LaTeX Info: Redefining \bmod on input line 904.
LaTeX Info: Redefining \pmod on input line 909.
LaTeX Info: Redefining \smash on input line 939.
LaTeX Info: Redefining \relbar on input line 969.
LaTeX Info: Redefining \Relbar on input line 970.
\c@MaxMatrixCols=\count296
\dotsspace@=\muskip17
\c@parentequation=\count297
\dspbrk@lvl=\count298
\tag@help=\toks22
\row@=\count299
\column@=\count300
\maxfields@=\count301
\andhelp@=\toks23
\eqnshift@=\dimen163
\alignsep@=\dimen164
\tagshift@=\dimen165
\tagwidth@=\dimen166
\totwidth@=\dimen167
\lineht@=\dimen168
\@envbody=\toks24
\multlinegap=\skip53
\multlinetaggap=\skip54
\mathdisplay@stack=\toks25
LaTeX Info: Redefining \[ on input line 2965.
LaTeX Info: Redefining \] on input line 2966.
)
(/opt/texlive/texdir/texmf-dist/tex/latex/amsfonts/amssymb.sty
Package: amssymb 2013/01/14 v3.01 AMS font symbols

(/opt/texlive/texdir/texmf-dist/tex/latex/amsfonts/amsfonts.sty
Package: amsfonts 2013/01/14 v3.01 Basic AMSFonts support
\symAMSa=\mathgroup4
\symAMSb=\mathgroup5
LaTeX Font Info:    Redeclaring math symbol \hbar on input line 98.
LaTeX Font Info:    Overwriting math alphabet `\mathfrak' in version `bold'
(Font)                  U/euf/m/n --> U/euf/b/n on input line 106.
))
(/opt/texlive/texdir/texmf-dist/tex/latex/amscls/amsthm.sty
Package: amsthm 2020/05/29 v2.20.6
\thm@style=\toks26
\thm@bodyfont=\toks27
\thm@headfont=\toks28
\thm@notefont=\toks29
\thm@headpunct=\toks30
\thm@preskip=\skip55
\thm@postskip=\skip56
\thm@headsep=\skip57
\dth@everypar=\toks31
)
(/opt/texlive/texdir/texmf-dist/tex/latex/mathtools/mathtools.sty
Package: mathtools 2024/10/04 v1.31 mathematical typesetting tools

(/opt/texlive/texdir/texmf-dist/tex/latex/tools/calc.sty
Package: calc 2025/03/01 v4.3b Infix arithmetic (KKT,FJ)
\calc@Acount=\count302
\calc@Bcount=\count303
\calc@Adimen=\dimen169
\calc@Bdimen=\dimen170
\calc@Askip=\skip58
\calc@Bskip=\skip59
LaTeX Info: Redefining \setlength on input line 86.
LaTeX Info: Redefining \addtolength on input line 87.
\calc@Ccount=\count304
\calc@Cskip=\skip60
)
(/opt/texlive/texdir/texmf-dist/tex/latex/mathtools/mhsetup.sty
Package: mhsetup 2021/03/18 v1.4 programming setup (MH)
)
\g_MT_multlinerow_int=\count305
\l_MT_multwidth_dim=\dimen171
\origjot=\skip61
\l_MT_shortvdotswithinadjustabove_dim=\dimen172
\l_MT_shortvdotswithinadjustbelow_dim=\dimen173
\l_MT_above_intertext_sep=\dimen174
\l_MT_below_intertext_sep=\dimen175
\l_MT_above_shortintertext_sep=\dimen176
\l_MT_below_shortintertext_sep=\dimen177
\xmathstrut@box=\box56
\xmathstrut@dim=\dimen178
)
(/opt/texlive/texdir/texmf-dist/tex/latex/enumitem/enumitem.sty
Package: enumitem 2025/02/06 v3.11 Customized lists
\labelindent=\skip62
\enit@outerparindent=\dimen179
\enit@toks=\toks32
\enit@inbox=\box57
\enit@count@id=\count306
\enitdp@description=\count307
)
(/opt/texlive/texdir/texmf-dist/tex/latex/booktabs/booktabs.sty
Package: booktabs 2020/01/12 v1.61803398 Publication quality tables
\heavyrulewidth=\dimen180
\lightrulewidth=\dimen181
\cmidrulewidth=\dimen182
\belowrulesep=\dimen183
\belowbottomsep=\dimen184
\aboverulesep=\dimen185
\abovetopsep=\dimen186
\cmidrulesep=\dimen187
\cmidrulekern=\dimen188
\defaultaddspace=\dimen189
\@cmidla=\count308
\@cmidlb=\count309
\@aboverulesep=\dimen190
\@belowrulesep=\dimen191
\@thisruleclass=\count310
\@lastruleclass=\count311
\@thisrulewidth=\dimen192
)
(/opt/texlive/texdir/texmf-dist/tex/latex/tools/longtable.sty
Package: longtable 2026-01-28 v4.27 Multi-page Table package (DPC)
\LTleft=\skip63
\LTright=\skip64
\LTpre=\skip65
\LTpost=\skip66
\LTchunksize=\count312
\LTcapwidth=\dimen193
\LT@head=\box58
\LT@firsthead=\box59
\LT@foot=\box60
\LT@lastfoot=\box61
\LT@gbox=\box62
\LT@cols=\count313
\LT@rows=\count314
\c@LT@tables=\count315
\c@LT@chunks=\count316
\LT@p@ftn=\toks33
)
(/opt/texlive/texdir/texmf-dist/tex/latex/tools/array.sty
Package: array 2026/02/24 v2.7b Tabular extension package (FMi)
\col@sep=\dimen194
\ar@mcellbox=\box63
\extrarowheight=\dimen195
\NC@list=\toks34
\extratabsurround=\skip67
\backup@length=\skip68
\ar@cellbox=\box64
)
(/opt/texlive/texdir/texmf-dist/tex/latex/fancyhdr/fancyhdr.sty
Package: fancyhdr 2025/02/07 v5.2 Extensive control of page headers and footers

\f@nch@headwidth=\skip69
\f@nch@offset@elh=\skip70
\f@nch@offset@erh=\skip71
\f@nch@offset@olh=\skip72
\f@nch@offset@orh=\skip73
\f@nch@offset@elf=\skip74
\f@nch@offset@erf=\skip75
\f@nch@offset@olf=\skip76
\f@nch@offset@orf=\skip77
\f@nch@height=\skip78
\f@nch@footalignment=\skip79
\f@nch@widthL=\skip80
\f@nch@widthC=\skip81
\f@nch@widthR=\skip82
\@temptokenb=\toks35
)
(/opt/texlive/texdir/texmf-dist/tex/latex/pdfpages/pdfpages.sty
Package: pdfpages 2026/03/30 v0.6h Insert pages of external PDF documents (AM)

(/opt/texlive/texdir/texmf-dist/tex/latex/base/ifthen.sty
Package: ifthen 2024/03/16 v1.1e Standard LaTeX ifthen package (DPC)
)
(/opt/texlive/texdir/texmf-dist/tex/latex/eso-pic/eso-pic.sty
Package: eso-pic 2026/05/31 v3.0e eso-pic (RN)
\ESO@tempdima=\dimen196
\ESO@tempdimb=\dimen197

(/opt/texlive/texdir/texmf-dist/tex/latex/xcolor/xcolor.sty
Package: xcolor 2024/09/29 v3.02 LaTeX color extensions (UK)

(/opt/texlive/texdir/texmf-dist/tex/latex/graphics-cfg/color.cfg
File: color.cfg 2016/01/02 v1.6 sample color configuration
)
Package xcolor Info: Driver file: pdftex.def on input line 274.

(/opt/texlive/texdir/texmf-dist/tex/latex/graphics-def/pdftex.def
File: pdftex.def 2025/09/29 v1.2d Graphics/color driver for pdftex
)
(/opt/texlive/texdir/texmf-dist/tex/latex/graphics/mathcolor.ltx)
Package xcolor Info: Model `cmy' substituted by `cmy0' on input line 1349.
Package xcolor Info: Model `hsb' substituted by `rgb' on input line 1353.
Package xcolor Info: Model `RGB' extended on input line 1365.
Package xcolor Info: Model `HTML' substituted by `rgb' on input line 1367.
Package xcolor Info: Model `Hsb' substituted by `hsb' on input line 1368.
Package xcolor Info: Model `tHsb' substituted by `hsb' on input line 1369.
Package xcolor Info: Model `HSB' substituted by `hsb' on input line 1370.
Package xcolor Info: Model `Gray' substituted by `gray' on input line 1371.
Package xcolor Info: Model `wave' substituted by `hsb' on input line 1372.
))
(/opt/texlive/texdir/texmf-dist/tex/latex/graphics/graphicx.sty
Package: graphicx 2026-05-17 v1.2e Enhanced LaTeX Graphics (DPC,SPQR)

(/opt/texlive/texdir/texmf-dist/tex/latex/graphics/graphics.sty
Package: graphics 2026-05-17 v1.4h Standard LaTeX Graphics (DPC,SPQR)

(/opt/texlive/texdir/texmf-dist/tex/latex/graphics/trig.sty
Package: trig 2023/12/02 v1.11 sin cos tan (DPC)
)
(/opt/texlive/texdir/texmf-dist/tex/latex/graphics-cfg/graphics.cfg
File: graphics.cfg 2016/06/04 v1.11 sample graphics configuration
)
Package graphics Info: Driver file: pdftex.def on input line 106.
)
\Gin@req@height=\dimen198
\Gin@req@width=\dimen199
)
\AM@pagewidth=\dimen256
\AM@pageheight=\dimen257
\AM@fboxrule=\dimen258

(/opt/texlive/texdir/texmf-dist/tex/latex/pdfpages/pppdftex.def
File: pppdftex.def 2026/03/30 v0.6h Pdfpages driver for pdfTeX (AM)
)
\pdfpages@includegraphics@status=\count317
\AM@pagebox=\box65
\AM@global@opts=\toks36
\AM@pagecnt=\count318
\AM@toc@title=\toks37
\AM@lof@heading=\toks38
\c@AM@survey=\count319
\AM@templatesizebox=\box66
)
(/opt/texlive/texdir/texmf-dist/tex/latex/hyperref/hyperref.sty
Package: hyperref 2026-06-17 v7.01r Hypertext links for LaTeX

(/opt/texlive/texdir/texmf-dist/tex/latex/kvsetkeys/kvsetkeys.sty
Package: kvsetkeys 2022-10-05 v1.19 Key value parser (HO)
)
(/opt/texlive/texdir/texmf-dist/tex/generic/kvdefinekeys/kvdefinekeys.sty
Package: kvdefinekeys 2019-12-19 v1.6 Define keys (HO)
)
(/opt/texlive/texdir/texmf-dist/tex/generic/pdfescape/pdfescape.sty
Package: pdfescape 2019/12/09 v1.15 Implements pdfTeX's escape features (HO)

(/opt/texlive/texdir/texmf-dist/tex/generic/ltxcmds/ltxcmds.sty
Package: ltxcmds 2023-12-04 v1.26 LaTeX kernel commands for general use (HO)
)
(/opt/texlive/texdir/texmf-dist/tex/generic/pdftexcmds/pdftexcmds.sty
Package: pdftexcmds 2020-06-27 v0.33 Utility functions of pdfTeX for LuaTeX (HO
)

(/opt/texlive/texdir/texmf-dist/tex/generic/infwarerr/infwarerr.sty
Package: infwarerr 2019/12/03 v1.5 Providing info/warning/error messages (HO)
)
Package pdftexcmds Info: \pdf@primitive is available.
Package pdftexcmds Info: \pdf@ifprimitive is available.
Package pdftexcmds Info: \pdfdraftmode found.
))
(/opt/texlive/texdir/texmf-dist/tex/latex/hycolor/hycolor.sty
Package: hycolor 2020-01-27 v1.10 Color options for hyperref/bookmark (HO)
)
(/opt/texlive/texdir/texmf-dist/tex/latex/hyperref/nameref.sty
Package: nameref 2026-01-29 v2.58 Cross-referencing by name of section

(/opt/texlive/texdir/texmf-dist/tex/latex/refcount/refcount.sty
Package: refcount 2019/12/15 v3.6 Data extraction from label references (HO)
)
(/opt/texlive/texdir/texmf-dist/tex/generic/gettitlestring/gettitlestring.sty
Package: gettitlestring 2019/12/15 v1.6 Cleanup title references (HO)

(/opt/texlive/texdir/texmf-dist/tex/latex/kvoptions/kvoptions.sty
Package: kvoptions 2022-06-15 v3.15 Key value format for package options (HO)
))
\c@section@level=\count320
)
(/opt/texlive/texdir/texmf-dist/tex/generic/stringenc/stringenc.sty
Package: stringenc 2019/11/29 v1.12 Convert strings between diff. encodings (HO
)
)
\@linkdim=\dimen259
\Hy@linkcounter=\count321
\Hy@pagecounter=\count322

(/opt/texlive/texdir/texmf-dist/tex/latex/hyperref/pd1enc.def
File: pd1enc.def 2026-06-17 v7.01r Hyperref: PDFDocEncoding definition (HO)
Now handling font encoding PD1 ...
... no UTF-8 mapping file for font encoding PD1
)
(/opt/texlive/texdir/texmf-dist/tex/generic/intcalc/intcalc.sty
Package: intcalc 2019/12/15 v1.3 Expandable calculations with integers (HO)
)
\Hy@SavedSpaceFactor=\count323

(/opt/texlive/texdir/texmf-dist/tex/latex/hyperref/puenc.def
File: puenc.def 2026-06-17 v7.01r Hyperref: PDF Unicode definition (HO)
Now handling font encoding PU ...
... no UTF-8 mapping file for font encoding PU
)
Package hyperref Info: Option `bookmarksopen' set `true' on input line 4070.
Package hyperref Info: Hyper figures OFF on input line 4199.
Package hyperref Info: Link nesting OFF on input line 4204.
Package hyperref Info: Hyper index ON on input line 4207.
Package hyperref Info: Plain pages OFF on input line 4214.
Package hyperref Info: Backreferencing OFF on input line 4219.
Package hyperref Info: Implicit mode ON; LaTeX internals redefined.
Package hyperref Info: Bookmarks ON on input line 4466.
\c@Hy@tempcnt=\count324

(/opt/texlive/texdir/texmf-dist/tex/latex/url/url.sty
\Urlmuskip=\muskip18
Package: url 2013/09/16  ver 3.4  Verb mode for urls, etc.
)
LaTeX Info: Redefining \url on input line 4805.
\XeTeXLinkMargin=\dimen260

(/opt/texlive/texdir/texmf-dist/tex/generic/bitset/bitset.sty
Package: bitset 2019/12/09 v1.3 Handle bit-vector datatype (HO)

(/opt/texlive/texdir/texmf-dist/tex/generic/bigintcalc/bigintcalc.sty
Package: bigintcalc 2019/12/15 v1.5 Expandable calculations on big integers (HO
)
))
\Fld@menulength=\count325
\Field@Width=\dimen261
\Fld@charsize=\dimen262
Package hyperref Info: Hyper figures OFF on input line 6091.
Package hyperref Info: Link nesting OFF on input line 6096.
Package hyperref Info: Hyper index ON on input line 6099.
Package hyperref Info: backreferencing OFF on input line 6106.
Package hyperref Info: Link coloring OFF on input line 6111.
Package hyperref Info: Link coloring with OCG OFF on input line 6116.
Package hyperref Info: PDF/A mode OFF on input line 6121.
\Hy@abspage=\count326
\c@Item=\count327
\c@Hfootnote=\count328
)
Package hyperref Info: Driver (autodetected): hpdftex.

(/opt/texlive/texdir/texmf-dist/tex/latex/hyperref/hpdftex.def
File: hpdftex.def 2026-06-17 v7.01r Hyperref driver for pdfTeX
\Fld@listcount=\count329
\c@bookmark@seq@number=\count330

(/opt/texlive/texdir/texmf-dist/tex/latex/rerunfilecheck/rerunfilecheck.sty
Package: rerunfilecheck 2025-06-21 v1.11 Rerun checks for auxiliary files (HO)

(/opt/texlive/texdir/texmf-dist/tex/generic/uniquecounter/uniquecounter.sty
Package: uniquecounter 2019/12/15 v1.4 Provide unlimited unique counter (HO)
)
Package uniquecounter Info: New unique counter `rerunfilecheck' on input line 2
84.
)
\Hy@SectionHShift=\skip83
)
(/opt/texlive/texdir/texmf-dist/tex/latex/pgf/frontendlayer/tikz.sty
(/opt/texlive/texdir/texmf-dist/tex/latex/pgf/basiclayer/pgf.sty
(/opt/texlive/texdir/texmf-dist/tex/latex/pgf/utilities/pgfrcs.sty
(/opt/texlive/texdir/texmf-dist/tex/generic/pgf/utilities/pgfutil-common.tex
\pgfutil@everybye=\toks39
\pgfutil@tempdima=\dimen263
\pgfutil@tempdimb=\dimen264
)
(/opt/texlive/texdir/texmf-dist/tex/generic/pgf/utilities/pgfutil-latex.def
\pgfutil@abb=\box67
)
(/opt/texlive/texdir/texmf-dist/tex/generic/pgf/utilities/pgfrcs.code.tex
(/opt/texlive/texdir/texmf-dist/tex/generic/pgf/pgf.revision.tex)
Package: pgfrcs 2025-08-29 v3.1.11a (3.1.11a)
))
Package: pgf 2025-08-29 v3.1.11a (3.1.11a)

(/opt/texlive/texdir/texmf-dist/tex/latex/pgf/basiclayer/pgfcore.sty
(/opt/texlive/texdir/texmf-dist/tex/latex/pgf/systemlayer/pgfsys.sty
(/opt/texlive/texdir/texmf-dist/tex/generic/pgf/systemlayer/pgfsys.code.tex
Package: pgfsys 2025-08-29 v3.1.11a (3.1.11a)

(/opt/texlive/texdir/texmf-dist/tex/generic/pgf/utilities/pgfkeys.code.tex
\pgfkeys@pathtoks=\toks40
\pgfkeys@temptoks=\toks41

(/opt/texlive/texdir/texmf-dist/tex/generic/pgf/utilities/pgfkeyslibraryfiltere
d.code.tex
\pgfkeys@tmptoks=\toks42
))
\pgf@x=\dimen265
\pgf@y=\dimen266
\pgf@xa=\dimen267
\pgf@ya=\dimen268
\pgf@xb=\dimen269
\pgf@yb=\dimen270
\pgf@xc=\dimen271
\pgf@yc=\dimen272
\pgf@xd=\dimen273
\pgf@yd=\dimen274
\w@pgf@writea=\write3
\r@pgf@reada=\read2
\c@pgf@counta=\count331
\c@pgf@countb=\count332
\c@pgf@countc=\count333
\c@pgf@countd=\count334
\t@pgf@toka=\toks43
\t@pgf@tokb=\toks44
\t@pgf@tokc=\toks45
\pgf@sys@id@count=\count335

(/opt/texlive/texdir/texmf-dist/tex/generic/pgf/systemlayer/pgf.cfg
File: pgf.cfg 2025-08-29 v3.1.11a (3.1.11a)
)
Driver file for pgf: pgfsys-pdftex.def

(/opt/texlive/texdir/texmf-dist/tex/generic/pgf/systemlayer/pgfsys-pdftex.def
File: pgfsys-pdftex.def 2025-08-29 v3.1.11a (3.1.11a)

(/opt/texlive/texdir/texmf-dist/tex/generic/pgf/systemlayer/pgfsys-common-pdf.d
ef
File: pgfsys-common-pdf.def 2025-08-29 v3.1.11a (3.1.11a)
)))
(/opt/texlive/texdir/texmf-dist/tex/generic/pgf/systemlayer/pgfsyssoftpath.code
.tex
File: pgfsyssoftpath.code.tex 2025-08-29 v3.1.11a (3.1.11a)
\pgfsyssoftpath@smallbuffer@items=\count336
\pgfsyssoftpath@bigbuffer@items=\count337
)
(/opt/texlive/texdir/texmf-dist/tex/generic/pgf/systemlayer/pgfsysprotocol.code
.tex
File: pgfsysprotocol.code.tex 2025-08-29 v3.1.11a (3.1.11a)
))
(/opt/texlive/texdir/texmf-dist/tex/generic/pgf/basiclayer/pgfcore.code.tex
Package: pgfcore 2025-08-29 v3.1.11a (3.1.11a)

(/opt/texlive/texdir/texmf-dist/tex/generic/pgf/math/pgfmath.code.tex
(/opt/texlive/texdir/texmf-dist/tex/generic/pgf/math/pgfmathutil.code.tex)
(/opt/texlive/texdir/texmf-dist/tex/generic/pgf/math/pgfmathparser.code.tex
\pgfmath@dimen=\dimen275
\pgfmath@count=\count338
\pgfmath@box=\box68
\pgfmath@toks=\toks46
\pgfmath@stack@operand=\toks47
\pgfmath@stack@operation=\toks48
)
(/opt/texlive/texdir/texmf-dist/tex/generic/pgf/math/pgfmathfunctions.code.tex)

(/opt/texlive/texdir/texmf-dist/tex/generic/pgf/math/pgfmathfunctions.basic.cod
e.tex)
(/opt/texlive/texdir/texmf-dist/tex/generic/pgf/math/pgfmathfunctions.trigonome
tric.code.tex)
(/opt/texlive/texdir/texmf-dist/tex/generic/pgf/math/pgfmathfunctions.random.co
de.tex)
(/opt/texlive/texdir/texmf-dist/tex/generic/pgf/math/pgfmathfunctions.compariso
n.code.tex)
(/opt/texlive/texdir/texmf-dist/tex/generic/pgf/math/pgfmathfunctions.base.code
.tex)
(/opt/texlive/texdir/texmf-dist/tex/generic/pgf/math/pgfmathfunctions.round.cod
e.tex)
(/opt/texlive/texdir/texmf-dist/tex/generic/pgf/math/pgfmathfunctions.misc.code
.tex)
(/opt/texlive/texdir/texmf-dist/tex/generic/pgf/math/pgfmathfunctions.integerar
ithmetics.code.tex)
(/opt/texlive/texdir/texmf-dist/tex/generic/pgf/math/pgfmathcalc.code.tex)
(/opt/texlive/texdir/texmf-dist/tex/generic/pgf/math/pgfmathfloat.code.tex
\c@pgfmathroundto@lastzeros=\count339
))
(/opt/texlive/texdir/texmf-dist/tex/generic/pgf/math/pgfint.code.tex)
(/opt/texlive/texdir/texmf-dist/tex/generic/pgf/basiclayer/pgfcorepoints.code.t
ex
File: pgfcorepoints.code.tex 2025-08-29 v3.1.11a (3.1.11a)
\pgf@picminx=\dimen276
\pgf@picmaxx=\dimen277
\pgf@picminy=\dimen278
\pgf@picmaxy=\dimen279
\pgf@pathminx=\dimen280
\pgf@pathmaxx=\dimen281
\pgf@pathminy=\dimen282
\pgf@pathmaxy=\dimen283
\pgf@xx=\dimen284
\pgf@xy=\dimen285
\pgf@yx=\dimen286
\pgf@yy=\dimen287
\pgf@zx=\dimen288
\pgf@zy=\dimen289
)
(/opt/texlive/texdir/texmf-dist/tex/generic/pgf/basiclayer/pgfcorepathconstruct
.code.tex
File: pgfcorepathconstruct.code.tex 2025-08-29 v3.1.11a (3.1.11a)
\pgf@path@lastx=\dimen290
\pgf@path@lasty=\dimen291
)
(/opt/texlive/texdir/texmf-dist/tex/generic/pgf/basiclayer/pgfcorepathusage.cod
e.tex
File: pgfcorepathusage.code.tex 2025-08-29 v3.1.11a (3.1.11a)
\pgf@shorten@end@additional=\dimen292
\pgf@shorten@start@additional=\dimen293
)
(/opt/texlive/texdir/texmf-dist/tex/generic/pgf/basiclayer/pgfcorescopes.code.t
ex
File: pgfcorescopes.code.tex 2025-08-29 v3.1.11a (3.1.11a)
\pgfpic=\box69
\pgf@hbox=\box70
\pgf@layerbox@main=\box71
\pgf@picture@serial@count=\count340
)
(/opt/texlive/texdir/texmf-dist/tex/generic/pgf/basiclayer/pgfcoregraphicstate.
code.tex
File: pgfcoregraphicstate.code.tex 2025-08-29 v3.1.11a (3.1.11a)
\pgflinewidth=\dimen294
)
(/opt/texlive/texdir/texmf-dist/tex/generic/pgf/basiclayer/pgfcoretransformatio
ns.code.tex
File: pgfcoretransformations.code.tex 2025-08-29 v3.1.11a (3.1.11a)
\pgf@pt@x=\dimen295
\pgf@pt@y=\dimen296
\pgf@pt@temp=\dimen297
)
(/opt/texlive/texdir/texmf-dist/tex/generic/pgf/basiclayer/pgfcorequick.code.te
x
File: pgfcorequick.code.tex 2025-08-29 v3.1.11a (3.1.11a)
)
(/opt/texlive/texdir/texmf-dist/tex/generic/pgf/basiclayer/pgfcoreobjects.code.
tex
File: pgfcoreobjects.code.tex 2025-08-29 v3.1.11a (3.1.11a)
)
(/opt/texlive/texdir/texmf-dist/tex/generic/pgf/basiclayer/pgfcorepathprocessin
g.code.tex
File: pgfcorepathprocessing.code.tex 2025-08-29 v3.1.11a (3.1.11a)
)
(/opt/texlive/texdir/texmf-dist/tex/generic/pgf/basiclayer/pgfcorearrows.code.t
ex
File: pgfcorearrows.code.tex 2025-08-29 v3.1.11a (3.1.11a)
\pgfarrowsep=\dimen298
)
(/opt/texlive/texdir/texmf-dist/tex/generic/pgf/basiclayer/pgfcoreshade.code.te
x
File: pgfcoreshade.code.tex 2025-08-29 v3.1.11a (3.1.11a)
\pgf@max=\dimen299
\pgf@sys@shading@range@num=\count341
\pgf@shadingcount=\count342
)
(/opt/texlive/texdir/texmf-dist/tex/generic/pgf/basiclayer/pgfcoreimage.code.te
x
File: pgfcoreimage.code.tex 2025-08-29 v3.1.11a (3.1.11a)
)
(/opt/texlive/texdir/texmf-dist/tex/generic/pgf/basiclayer/pgfcoreexternal.code
.tex
File: pgfcoreexternal.code.tex 2025-08-29 v3.1.11a (3.1.11a)
\pgfexternal@startupbox=\box72
)
(/opt/texlive/texdir/texmf-dist/tex/generic/pgf/basiclayer/pgfcorelayers.code.t
ex
File: pgfcorelayers.code.tex 2025-08-29 v3.1.11a (3.1.11a)
)
(/opt/texlive/texdir/texmf-dist/tex/generic/pgf/basiclayer/pgfcoretransparency.
code.tex
File: pgfcoretransparency.code.tex 2025-08-29 v3.1.11a (3.1.11a)
)
(/opt/texlive/texdir/texmf-dist/tex/generic/pgf/basiclayer/pgfcorepatterns.code
.tex
File: pgfcorepatterns.code.tex 2025-08-29 v3.1.11a (3.1.11a)
)
(/opt/texlive/texdir/texmf-dist/tex/generic/pgf/basiclayer/pgfcorerdf.code.tex
File: pgfcorerdf.code.tex 2025-08-29 v3.1.11a (3.1.11a)
)))
(/opt/texlive/texdir/texmf-dist/tex/generic/pgf/modules/pgfmoduleshapes.code.te
x
File: pgfmoduleshapes.code.tex 2025-08-29 v3.1.11a (3.1.11a)
\pgfnodeparttextbox=\box73
)
(/opt/texlive/texdir/texmf-dist/tex/generic/pgf/modules/pgfmoduleplot.code.tex
File: pgfmoduleplot.code.tex 2025-08-29 v3.1.11a (3.1.11a)
)
(/opt/texlive/texdir/texmf-dist/tex/latex/pgf/compatibility/pgfcomp-version-0-6
5.sty
Package: pgfcomp-version-0-65 2025-08-29 v3.1.11a (3.1.11a)
\pgf@nodesepstart=\dimen300
\pgf@nodesepend=\dimen301
)
(/opt/texlive/texdir/texmf-dist/tex/latex/pgf/compatibility/pgfcomp-version-1-1
8.sty
Package: pgfcomp-version-1-18 2025-08-29 v3.1.11a (3.1.11a)
)) (/opt/texlive/texdir/texmf-dist/tex/latex/pgf/utilities/pgffor.sty
(/opt/texlive/texdir/texmf-dist/tex/latex/pgf/utilities/pgfkeys.sty
(/opt/texlive/texdir/texmf-dist/tex/generic/pgf/utilities/pgfkeys.code.tex))
(/opt/texlive/texdir/texmf-dist/tex/latex/pgf/math/pgfmath.sty
(/opt/texlive/texdir/texmf-dist/tex/generic/pgf/math/pgfmath.code.tex))
(/opt/texlive/texdir/texmf-dist/tex/generic/pgf/utilities/pgffor.code.tex
Package: pgffor 2025-08-29 v3.1.11a (3.1.11a)
\pgffor@iter=\dimen302
\pgffor@skip=\dimen303
\pgffor@stack=\toks49
\pgffor@toks=\toks50
))
(/opt/texlive/texdir/texmf-dist/tex/generic/pgf/frontendlayer/tikz/tikz.code.te
x
Package: tikz 2025-08-29 v3.1.11a (3.1.11a)

(/opt/texlive/texdir/texmf-dist/tex/generic/pgf/libraries/pgflibraryplothandler
s.code.tex
File: pgflibraryplothandlers.code.tex 2025-08-29 v3.1.11a (3.1.11a)
\pgf@plot@mark@count=\count343
\pgfplotmarksize=\dimen304
)
\tikz@lastx=\dimen305
\tikz@lasty=\dimen306
\tikz@lastxsaved=\dimen307
\tikz@lastysaved=\dimen308
\tikz@lastmovetox=\dimen309
\tikz@lastmovetoy=\dimen310
\tikzleveldistance=\dimen311
\tikzsiblingdistance=\dimen312
\tikz@figbox=\box74
\tikz@figbox@bg=\box75
\tikz@tempbox=\box76
\tikz@tempbox@bg=\box77
\tikztreelevel=\count344
\tikznumberofchildren=\count345
\tikznumberofcurrentchild=\count346
\tikz@fig@count=\count347

(/opt/texlive/texdir/texmf-dist/tex/generic/pgf/modules/pgfmodulematrix.code.te
x
File: pgfmodulematrix.code.tex 2025-08-29 v3.1.11a (3.1.11a)
\pgfmatrixcurrentrow=\count348
\pgfmatrixcurrentcolumn=\count349
\pgf@matrix@numberofcolumns=\count350
)
\tikz@expandcount=\count351

(/opt/texlive/texdir/texmf-dist/tex/generic/pgf/frontendlayer/tikz/libraries/ti
kzlibrarytopaths.code.tex
File: tikzlibrarytopaths.code.tex 2025-08-29 v3.1.11a (3.1.11a)
)))
(/opt/texlive/texdir/texmf-dist/tex/latex/needspace/needspace.sty
Package: needspace 2025/03/13 v1.3e reserve vertical space
)
(/opt/texlive/texdir/texmf-dist/tex/latex/xurl/xurl.sty
Package: xurl 2022/01/09 v 0.10 modify URL breaks
)
\c@definition=\count352
LaTeX Font Info:    Trying to load font information for T1+lmr on input line 59
.

(/opt/texlive/texdir/texmf-dist/tex/latex/lm/t1lmr.fd
File: t1lmr.fd 2015/05/01 v1.6.1 Font defs for Latin Modern
)
(/opt/texlive/texdir/texmf-dist/tex/latex/l3backend/l3backend-pdftex.def
File: l3backend-pdftex.def 2026-02-18 L3 backend support: PDF output (pdfTeX)
\l__color_backend_stack_int=\count353
)
(./source.aux)
\openout1 = `source.aux'.

LaTeX Font Info:    Checking defaults for OML/cmm/m/it on input line 59.
LaTeX Font Info:    ... okay on input line 59.
LaTeX Font Info:    Checking defaults for OMS/cmsy/m/n on input line 59.
LaTeX Font Info:    ... okay on input line 59.
LaTeX Font Info:    Checking defaults for OT1/cmr/m/n on input line 59.
LaTeX Font Info:    ... okay on input line 59.
LaTeX Font Info:    Checking defaults for T1/cmr/m/n on input line 59.
LaTeX Font Info:    ... okay on input line 59.
LaTeX Font Info:    Checking defaults for TS1/cmr/m/n on input line 59.
LaTeX Font Info:    ... okay on input line 59.
LaTeX Font Info:    Checking defaults for OMX/cmex/m/n on input line 59.
LaTeX Font Info:    ... okay on input line 59.
LaTeX Font Info:    Checking defaults for U/cmr/m/n on input line 59.
LaTeX Font Info:    ... okay on input line 59.
LaTeX Font Info:    Checking defaults for PD1/pdf/m/n on input line 59.
LaTeX Font Info:    ... okay on input line 59.
LaTeX Font Info:    Checking defaults for PU/pdf/m/n on input line 59.
LaTeX Font Info:    ... okay on input line 59.

*geometry* driver: auto-detecting
*geometry* detected driver: pdftex
*geometry* verbose mode - [ preamble ] result:
* driver: pdftex
* paper: letterpaper
* layout: <same size as paper>
* layoutoffset:(h,v)=(0.0pt,0.0pt)
* modes: 
* h-part:(L,W,R)=(63.59795pt, 487.0991pt, 63.59795pt)
* v-part:(T,H,B)=(63.59795pt, 667.7741pt, 63.59795pt)
* \paperwidth=614.295pt
* \paperheight=794.96999pt
* \textwidth=487.0991pt
* \textheight=667.7741pt
* \oddsidemargin=-8.67204pt
* \evensidemargin=-8.67204pt
* \topmargin=-48.67204pt
* \headheight=15.0pt
* \headsep=25.0pt
* \topskip=11.0pt
* \footskip=30.0pt
* \marginparwidth=59.0pt
* \marginparsep=10.0pt
* \columnsep=10.0pt
* \skip\footins=10.0pt plus 4.0pt minus 2.0pt
* \hoffset=0.0pt
* \voffset=0.0pt
* \mag=1000
* \@twocolumnfalse
* \@twosidefalse
* \@mparswitchfalse
* \@reversemarginfalse
* (1in=72.27pt=25.4mm, 1cm=28.453pt)

LaTeX Info: Redefining \microtypecontext on input line 59.
Package microtype Info: Applying patch `item' on input line 59.
Package microtype Info: Applying patch `toc' on input line 59.
Package microtype Info: Applying patch `eqnum' on input line 59.
Package microtype Info: Applying patch `footnote' on input line 59.
Package microtype Info: Applying patch `verbatim' on input line 59.
LaTeX Info: Redefining \microtypesetup on input line 59.
Package microtype Info: Generating PDF output.
Package microtype Info: Character protrusion enabled (level 2).
Package microtype Info: Using default protrusion set `alltext'.
Package microtype Info: Automatic font expansion enabled (level 2),
(microtype)             stretch: 20, shrink: 20, step: 1, non-selected.
Package microtype Info: Using default expansion set `alltext-nott'.
Package microtype Info: Patching command `\showhyphens'.
Package microtype Info: No adjustment of tracking.
Package microtype Info: No adjustment of interword spacing.
Package microtype Info: No adjustment of character kerning.
(/opt/texlive/texdir/texmf-dist/tex/latex/microtype/mt-cmr.cfg
File: mt-cmr.cfg 2013/05/19 v2.2 microtype config. file: Computer Modern Roman 
(RS)
)
(/opt/texlive/texdir/texmf-dist/tex/context/base/mkii/supp-pdf.mkii
[Loading MPS to PDF converter (version 2006.09.02).]
\scratchcounter=\count354
\scratchdimen=\dimen313
\scratchbox=\box78
\nofMPsegments=\count355
\nofMParguments=\count356
\everyMPshowfont=\toks51
\MPscratchCnt=\count357
\MPscratchDim=\dimen314
\MPnumerator=\count358
\makeMPintoPDFobject=\count359
\everyMPtoPDFconversion=\toks52
) (/opt/texlive/texdir/texmf-dist/tex/latex/epstopdf-pkg/epstopdf-base.sty
Package: epstopdf-base 2020-01-24 v2.11 Base part for package epstopdf
Package epstopdf-base Info: Redefining graphics rule for `.eps' on input line 4
85.

(/opt/texlive/texdir/texmf-dist/tex/latex/latexconfig/epstopdf-sys.cfg
File: epstopdf-sys.cfg 2010/07/13 v1.3 Configuration of (r)epstopdf for TeX Liv
e
))
(/opt/texlive/texdir/texmf-dist/tex/latex/pdflscape/pdflscape.sty
Package: pdflscape 2025-06-23 v0.14 Display of landscape pages in PDF

(/opt/texlive/texdir/texmf-dist/tex/latex/pdflscape/pdflscape-nometadata.sty
Package: pdflscape-nometadata 2025-06-23 v0.14 Display of landscape pages in PD
F (HO)

(/opt/texlive/texdir/texmf-dist/tex/latex/graphics/lscape.sty
Package: lscape 2020/05/28 v3.02 Landscape Pages (DPC)
)
Package pdflscape Info: Auto-detected driver: pdftex on input line 81.
))
Package hyperref Info: Link coloring OFF on input line 59.
 (./source.out) (./source.out)
\@outlinefile=\write4
\openout4 = `source.out'.

LaTeX Font Info:    Trying to load font information for TS1+lmr on input line 8
5.
 (/opt/texlive/texdir/texmf-dist/tex/latex/lm/ts1lmr.fd
File: ts1lmr.fd 2015/05/01 v1.6.1 Font defs for Latin Modern
)
[1

{/opt/texlive/texdir/texmf-var/fonts/map/pdftex/updmap/pdftex.map}{/opt/texlive
/texdir/texmf-dist/fonts/enc/dvips/lm/lm-ec.enc}{/opt/texlive/texdir/texmf-dist
/fonts/enc/dvips/lm/lm-ts1.enc}]
LaTeX Font Info:    Trying to load font information for T1+lmtt on input line 9
0.

(/opt/texlive/texdir/texmf-dist/tex/latex/lm/t1lmtt.fd
File: t1lmtt.fd 2015/05/01 v1.6.1 Font defs for Latin Modern
)
Package microtype Info: Loading generic protrusion settings for font family
(microtype)             `lmtt' (encoding: T1).
(microtype)             For optimal results, create family-specific settings.
(microtype)             See the microtype manual for details.
LaTeX Font Info:    Trying to load font information for OT1+lmr on input line 1
10.

(/opt/texlive/texdir/texmf-dist/tex/latex/lm/ot1lmr.fd
File: ot1lmr.fd 2015/05/01 v1.6.1 Font defs for Latin Modern
)
LaTeX Font Info:    Trying to load font information for OML+lmm on input line 1
10.

(/opt/texlive/texdir/texmf-dist/tex/latex/lm/omllmm.fd
File: omllmm.fd 2015/05/01 v1.6.1 Font defs for Latin Modern
)
LaTeX Font Info:    Trying to load font information for OMS+lmsy on input line 
110.

(/opt/texlive/texdir/texmf-dist/tex/latex/lm/omslmsy.fd
File: omslmsy.fd 2015/05/01 v1.6.1 Font defs for Latin Modern
)
LaTeX Font Info:    Trying to load font information for OMX+lmex on input line 
110.

(/opt/texlive/texdir/texmf-dist/tex/latex/lm/omxlmex.fd
File: omxlmex.fd 2015/05/01 v1.6.1 Font defs for Latin Modern
)
LaTeX Font Info:    External font `lmex10' loaded for size
(Font)              <10.95> on input line 110.
LaTeX Font Info:    External font `lmex10' loaded for size
(Font)              <8> on input line 110.
LaTeX Font Info:    External font `lmex10' loaded for size
(Font)              <6> on input line 110.
LaTeX Font Info:    Trying to load font information for U+msa on input line 110
.

(/opt/texlive/texdir/texmf-dist/tex/latex/amsfonts/umsa.fd
File: umsa.fd 2013/01/14 v3.01 AMS symbols A
)
(/opt/texlive/texdir/texmf-dist/tex/latex/microtype/mt-msa.cfg
File: mt-msa.cfg 2006/02/04 v1.1 microtype config. file: AMS symbols (a) (RS)
)
LaTeX Font Info:    Trying to load font information for U+msb on input line 110
.

(/opt/texlive/texdir/texmf-dist/tex/latex/amsfonts/umsb.fd
File: umsb.fd 2013/01/14 v3.01 AMS symbols B
)
(/opt/texlive/texdir/texmf-dist/tex/latex/microtype/mt-msb.cfg
File: mt-msb.cfg 2005/06/01 v1.0 microtype config. file: AMS symbols (b) (RS)
)
pdfTeX warning (ext4): destination with the same identifier (name{page.1}) has 
been already used, duplicate ignored
<to be read again> 
                   \relax 
l.113 \item R
             eplaces an absorbing single settlement class by a monotone sett...
[1{/opt/texlive/texdir/texmf-dist/fonts/enc/dvips/lm/lm-mathit.enc}{/opt/texliv
e/texdir/texmf-dist/fonts/enc/dvips/lm/lm-mathsy.enc}] (./source.toc
LaTeX Font Info:    Font shape `T1/lmtt/bx/n' in size <10.95> not available
(Font)              Font shape `T1/lmtt/b/n' tried instead on input line 8.
 [2])
\tf@toc=\write5
\openout5 = `source.toc'.


[3]
<Depths_V46_2_Atlas_Corrected_Core.pdf, id=159, 614.295pt x 794.97pt>
File: Depths_V46_2_Atlas_Corrected_Core.pdf Graphic file (type pdf)
<use Depths_V46_2_Atlas_Corrected_Core.pdf>
Package pdftex.def Info: Depths_V46_2_Atlas_Corrected_Core.pdf  used on input l
ine 126.
(pdftex.def)             Requested size: 614.29349pt x 794.96806pt.
<Depths_V46_2_Atlas_Corrected_Core.pdf, id=161, page=2, 614.295pt x 794.97pt>
File: Depths_V46_2_Atlas_Corrected_Core.pdf Graphic file (type pdf)
<use Depths_V46_2_Atlas_Corrected_Core.pdf, page 2>
Package pdftex.def Info: Depths_V46_2_Atlas_Corrected_Core.pdf , page2 used on 
input line 126.
(pdftex.def)             Requested size: 614.29349pt x 794.96806pt.
File: Depths_V46_2_Atlas_Corrected_Core.pdf Graphic file (type pdf)
<use Depths_V46_2_Atlas_Corrected_Core.pdf, page 2>
Package pdftex.def Info: Depths_V46_2_Atlas_Corrected_Core.pdf , page2 used on 
input line 126.
(pdftex.def)             Requested size: 614.58406pt x 795.3441pt.
 [4

]
File: Depths_V46_2_Atlas_Corrected_Core.pdf Graphic file (type pdf)
<use Depths_V46_2_Atlas_Corrected_Core.pdf, page 2>
Package pdftex.def Info: Depths_V46_2_Atlas_Corrected_Core.pdf , page2 used on 
input line 126.
(pdftex.def)             Requested size: 614.58406pt x 795.3441pt.
File: Depths_V46_2_Atlas_Corrected_Core.pdf Graphic file (type pdf)
<use Depths_V46_2_Atlas_Corrected_Core.pdf, page 2>
Package pdftex.def Info: Depths_V46_2_Atlas_Corrected_Core.pdf , page2 used on 
input line 126.
(pdftex.def)             Requested size: 614.58406pt x 795.3441pt.
File: Depths_V46_2_Atlas_Corrected_Core.pdf Graphic file (type pdf)
<use Depths_V46_2_Atlas_Corrected_Core.pdf, page 2>
Package pdftex.def Info: Depths_V46_2_Atlas_Corrected_Core.pdf , page2 used on 
input line 126.
(pdftex.def)             Requested size: 614.58406pt x 795.3441pt.
 [5

 <./Depths_V46_2_Atlas_Corrected_Core.pdf>]
<Depths_V46_2_Atlas_Corrected_Core.pdf, id=186, page=3, 614.29298pt x 794.96797
pt>
File: Depths_V46_2_Atlas_Corrected_Core.pdf Graphic file (type pdf)
<use Depths_V46_2_Atlas_Corrected_Core.pdf, page 3>
Package pdftex.def Info: Depths_V46_2_Atlas_Corrected_Core.pdf , page3 used on 
input line 126.
(pdftex.def)             Requested size: 614.58206pt x 795.34204pt.
File: Depths_V46_2_Atlas_Corrected_Core.pdf Graphic file (type pdf)
<use Depths_V46_2_Atlas_Corrected_Core.pdf, page 3>
Package pdftex.def Info: Depths_V46_2_Atlas_Corrected_Core.pdf , page3 used on 
input line 126.
(pdftex.def)             Requested size: 614.58206pt x 795.34204pt.
File: Depths_V46_2_Atlas_Corrected_Core.pdf Graphic file (type pdf)
<use Depths_V46_2_Atlas_Corrected_Core.pdf, page 3>
Package pdftex.def Info: Depths_V46_2_Atlas_Corrected_Core.pdf , page3 used on 
input line 126.
(pdftex.def)             Requested size: 614.58206pt x 795.34204pt.
 [6

 <./Depths_V46_2_Atlas_Corrected_Core.pdf>]
<Depths_V46_2_Atlas_Corrected_Core.pdf, id=239, page=4, 614.29298pt x 794.96797
pt>
File: Depths_V46_2_Atlas_Corrected_Core.pdf Graphic file (type pdf)
<use Depths_V46_2_Atlas_Corrected_Core.pdf, page 4>
Package pdftex.def Info: Depths_V46_2_Atlas_Corrected_Core.pdf , page4 used on 
input line 126.
(pdftex.def)             Requested size: 614.58206pt x 795.34204pt.
File: Depths_V46_2_Atlas_Corrected_Core.pdf Graphic file (type pdf)
<use Depths_V46_2_Atlas_Corrected_Core.pdf, page 4>
Package pdftex.def Info: Depths_V46_2_Atlas_Corrected_Core.pdf , page4 used on 
input line 126.
(pdftex.def)             Requested size: 614.58206pt x 795.34204pt.
File: Depths_V46_2_Atlas_Corrected_Core.pdf Graphic file (type pdf)
<use Depths_V46_2_Atlas_Corrected_Core.pdf, page 4>
Package pdftex.def Info: Depths_V46_2_Atlas_Corrected_Core.pdf , page4 used on 
input line 126.
(pdftex.def)             Requested size: 614.58206pt x 795.34204pt.
 [7

 <./Depths_V46_2_Atlas_Corrected_Core.pdf>]
<Depths_V46_2_Atlas_Corrected_Core.pdf, id=252, page=5, 614.29298pt x 794.96797
pt>
File: Depths_V46_2_Atlas_Corrected_Core.pdf Graphic file (type pdf)
<use Depths_V46_2_Atlas_Corrected_Core.pdf, page 5>
Package pdftex.def Info: Depths_V46_2_Atlas_Corrected_Core.pdf , page5 used on 
input line 126.
(pdftex.def)             Requested size: 614.58206pt x 795.34204pt.
File: Depths_V46_2_Atlas_Corrected_Core.pdf Graphic file (type pdf)
<use Depths_V46_2_Atlas_Corrected_Core.pdf, page 5>
Package pdftex.def Info: Depths_V46_2_Atlas_Corrected_Core.pdf , page5 used on 
input line 126.
(pdftex.def)             Requested size: 614.58206pt x 795.34204pt.
File: Depths_V46_2_Atlas_Corrected_Core.pdf Graphic file (type pdf)
<use Depths_V46_2_Atlas_Corrected_Core.pdf, page 5>
Package pdftex.def Info: Depths_V46_2_Atlas_Corrected_Core.pdf , page5 used on 
input line 126.
(pdftex.def)             Requested size: 614.58206pt x 795.34204pt.
 [8

 <./Depths_V46_2_Atlas_Corrected_Core.pdf>]
<Depths_V46_2_Atlas_Corrected_Core.pdf, id=258, page=6, 614.29298pt x 794.96797
pt>
File: Depths_V46_2_Atlas_Corrected_Core.pdf Graphic file (type pdf)
<use Depths_V46_2_Atlas_Corrected_Core.pdf, page 6>
Package pdftex.def Info: Depths_V46_2_Atlas_Corrected_Core.pdf , page6 used on 
input line 126.
(pdftex.def)             Requested size: 614.58206pt x 795.34204pt.
File: Depths_V46_2_Atlas_Corrected_Core.pdf Graphic file (type pdf)
<use Depths_V46_2_Atlas_Corrected_Core.pdf, page 6>
Package pdftex.def Info: Depths_V46_2_Atlas_Corrected_Core.pdf , page6 used on 
input line 126.
(pdftex.def)             Requested size: 614.58206pt x 795.34204pt.
File: Depths_V46_2_Atlas_Corrected_Core.pdf Graphic file (type pdf)
<use Depths_V46_2_Atlas_Corrected_Core.pdf, page 6>
Package pdftex.def Info: Depths_V46_2_Atlas_Corrected_Core.pdf , page6 used on 
input line 126.
(pdftex.def)             Requested size: 614.58206pt x 795.34204pt.
 [9

 <./Depths_V46_2_Atlas_Corrected_Core.pdf>]
<Depths_V46_2_Atlas_Corrected_Core.pdf, id=264, page=7, 614.29298pt x 794.96797
pt>
File: Depths_V46_2_Atlas_Corrected_Core.pdf Graphic file (type pdf)
<use Depths_V46_2_Atlas_Corrected_Core.pdf, page 7>
Package pdftex.def Info: Depths_V46_2_Atlas_Corrected_Core.pdf , page7 used on 
input line 126.
(pdftex.def)             Requested size: 614.58206pt x 795.34204pt.
File: Depths_V46_2_Atlas_Corrected_Core.pdf Graphic file (type pdf)
<use Depths_V46_2_Atlas_Corrected_Core.pdf, page 7>
Package pdftex.def Info: Depths_V46_2_Atlas_Corrected_Core.pdf , page7 used on 
input line 126.
(pdftex.def)             Requested size: 614.58206pt x 795.34204pt.
File: Depths_V46_2_Atlas_Corrected_Core.pdf Graphic file (type pdf)
<use Depths_V46_2_Atlas_Corrected_Core.pdf, page 7>
Package pdftex.def Info: Depths_V46_2_Atlas_Corrected_Core.pdf , page7 used on 
input line 126.
(pdftex.def)             Requested size: 614.58206pt x 795.34204pt.
[10

 <./Depths_V46_2_Atlas_Corrected_Core.pdf>]
<Depths_V46_2_Atlas_Corrected_Core.pdf, id=270, page=8, 614.29298pt x 794.96797
pt>
File: Depths_V46_2_Atlas_Corrected_Core.pdf Graphic file (type pdf)
<use Depths_V46_2_Atlas_Corrected_Core.pdf, page 8>
Package pdftex.def Info: Depths_V46_2_Atlas_Corrected_Core.pdf , page8 used on 
input line 126.
(pdftex.def)             Requested size: 614.58206pt x 795.34204pt.
File: Depths_V46_2_Atlas_Corrected_Core.pdf Graphic file (type pdf)
<use Depths_V46_2_Atlas_Corrected_Core.pdf, page 8>
Package pdftex.def Info: Depths_V46_2_Atlas_Corrected_Core.pdf , page8 used on 
input line 126.
(pdftex.def)             Requested size: 614.58206pt x 795.34204pt.
File: Depths_V46_2_Atlas_Corrected_Core.pdf Graphic file (type pdf)
<use Depths_V46_2_Atlas_Corrected_Core.pdf, page 8>
Package pdftex.def Info: Depths_V46_2_Atlas_Corrected_Core.pdf , page8 used on 
input line 126.
(pdftex.def)             Requested size: 614.58206pt x 795.34204pt.
 [11

 <./Depths_V46_2_Atlas_Corrected_Core.pdf>]
<Depths_V46_2_Atlas_Corrected_Core.pdf, id=276, page=9, 614.29298pt x 794.96797
pt>
File: Depths_V46_2_Atlas_Corrected_Core.pdf Graphic file (type pdf)
<use Depths_V46_2_Atlas_Corrected_Core.pdf, page 9>
Package pdftex.def Info: Depths_V46_2_Atlas_Corrected_Core.pdf , page9 used on 
input line 126.
(pdftex.def)             Requested size: 614.58206pt x 795.34204pt.
File: Depths_V46_2_Atlas_Corrected_Core.pdf Graphic file (type pdf)
<use Depths_V46_2_Atlas_Corrected_Core.pdf, page 9>
Package pdftex.def Info: Depths_V46_2_Atlas_Corrected_Core.pdf , page9 used on 
input line 126.
(pdftex.def)             Requested size: 614.58206pt x 795.34204pt.
File: Depths_V46_2_Atlas_Corrected_Core.pdf Graphic file (type pdf)
<use Depths_V46_2_Atlas_Corrected_Core.pdf, page 9>
Package pdftex.def Info: Depths_V46_2_Atlas_Corrected_Core.pdf , page9 used on 
input line 126.
(pdftex.def)             Requested size: 614.58206pt x 795.34204pt.
 [12

 <./Depths_V46_2_Atlas_Corrected_Core.pdf>]
<Depths_V46_2_Atlas_Corrected_Core.pdf, id=283, page=10, 614.29298pt x 794.9679
7pt>
File: Depths_V46_2_Atlas_Corrected_Core.pdf Graphic file (type pdf)
<use Depths_V46_2_Atlas_Corrected_Core.pdf, page 10>
Package pdftex.def Info: Depths_V46_2_Atlas_Corrected_Core.pdf , page10 used on
 input line 126.
(pdftex.def)             Requested size: 614.58206pt x 795.34204pt.
File: Depths_V46_2_Atlas_Corrected_Core.pdf Graphic file (type pdf)
<use Depths_V46_2_Atlas_Corrected_Core.pdf, page 10>
Package pdftex.def Info: Depths_V46_2_Atlas_Corrected_Core.pdf , page10 used on
 input line 126.
(pdftex.def)             Requested size: 614.58206pt x 795.34204pt.
File: Depths_V46_2_Atlas_Corrected_Core.pdf Graphic file (type pdf)
<use Depths_V46_2_Atlas_Corrected_Core.pdf, page 10>
Package pdftex.def Info: Depths_V46_2_Atlas_Corrected_Core.pdf , page10 used on
 input line 126.
(pdftex.def)             Requested size: 614.58206pt x 795.34204pt.
 [13

 <./Depths_V46_2_Atlas_Corrected_Core.pdf>]
<Depths_V46_2_Atlas_Corrected_Core.pdf, id=363, page=11, 614.29298pt x 794.9679
7pt>
File: Depths_V46_2_Atlas_Corrected_Core.pdf Graphic file (type pdf)
<use Depths_V46_2_Atlas_Corrected_Core.pdf, page 11>
Package pdftex.def Info: Depths_V46_2_Atlas_Corrected_Core.pdf , page11 used on
 input line 126.
(pdftex.def)             Requested size: 614.58206pt x 795.34204pt.
File: Depths_V46_2_Atlas_Corrected_Core.pdf Graphic file (type pdf)
<use Depths_V46_2_Atlas_Corrected_Core.pdf, page 11>
Package pdftex.def Info: Depths_V46_2_Atlas_Corrected_Core.pdf , page11 used on
 input line 126.
(pdftex.def)             Requested size: 614.58206pt x 795.34204pt.
File: Depths_V46_2_Atlas_Corrected_Core.pdf Graphic file (type pdf)
<use Depths_V46_2_Atlas_Corrected_Core.pdf, page 11>
Package pdftex.def Info: Depths_V46_2_Atlas_Corrected_Core.pdf , page11 used on
 input line 126.
(pdftex.def)             Requested size: 614.58206pt x 795.34204pt.
 [14

 <./Depths_V46_2_Atlas_Corrected_Core.pdf>]
<Depths_V46_2_Atlas_Corrected_Core.pdf, id=379, page=12, 614.29298pt x 794.9679
7pt>
File: Depths_V46_2_Atlas_Corrected_Core.pdf Graphic file (type pdf)
<use Depths_V46_2_Atlas_Corrected_Core.pdf, page 12>
Package pdftex.def Info: Depths_V46_2_Atlas_Corrected_Core.pdf , page12 used on
 input line 126.
(pdftex.def)             Requested size: 614.58206pt x 795.34204pt.
File: Depths_V46_2_Atlas_Corrected_Core.pdf Graphic file (type pdf)
<use Depths_V46_2_Atlas_Corrected_Core.pdf, page 12>
Package pdftex.def Info: Depths_V46_2_Atlas_Corrected_Core.pdf , page12 used on
 input line 126.
(pdftex.def)             Requested size: 614.58206pt x 795.34204pt.
File: Depths_V46_2_Atlas_Corrected_Core.pdf Graphic file (type pdf)
<use Depths_V46_2_Atlas_Corrected_Core.pdf, page 12>
Package pdftex.def Info: Depths_V46_2_Atlas_Corrected_Core.pdf , page12 used on
 input line 126.
(pdftex.def)             Requested size: 614.58206pt x 795.34204pt.

[15

 <./Depths_V46_2_Atlas_Corrected_Core.pdf>]
<Depths_V46_2_Atlas_Corrected_Core.pdf, id=386, page=13, 614.29298pt x 794.9679
7pt>
File: Depths_V46_2_Atlas_Corrected_Core.pdf Graphic file (type pdf)
<use Depths_V46_2_Atlas_Corrected_Core.pdf, page 13>
Package pdftex.def Info: Depths_V46_2_Atlas_Corrected_Core.pdf , page13 used on
 input line 126.
(pdftex.def)             Requested size: 614.58206pt x 795.34204pt.
File: Depths_V46_2_Atlas_Corrected_Core.pdf Graphic file (type pdf)
<use Depths_V46_2_Atlas_Corrected_Core.pdf, page 13>
Package pdftex.def Info: Depths_V46_2_Atlas_Corrected_Core.pdf , page13 used on
 input line 126.
(pdftex.def)             Requested size: 614.58206pt x 795.34204pt.
File: Depths_V46_2_Atlas_Corrected_Core.pdf Graphic file (type pdf)
<use Depths_V46_2_Atlas_Corrected_Core.pdf, page 13>
Package pdftex.def Info: Depths_V46_2_Atlas_Corrected_Core.pdf , page13 used on
 input line 126.
(pdftex.def)             Requested size: 614.58206pt x 795.34204pt.
 [16

 <./Depths_V46_2_Atlas_Corrected_Core.pdf>]
<Depths_V46_2_Atlas_Corrected_Core.pdf, id=400, page=14, 614.29298pt x 794.9679
7pt>
File: Depths_V46_2_Atlas_Corrected_Core.pdf Graphic file (type pdf)
<use Depths_V46_2_Atlas_Corrected_Core.pdf, page 14>
Package pdftex.def Info: Depths_V46_2_Atlas_Corrected_Core.pdf , page14 used on
 input line 126.
(pdftex.def)             Requested size: 614.58206pt x 795.34204pt.
File: Depths_V46_2_Atlas_Corrected_Core.pdf Graphic file (type pdf)
<use Depths_V46_2_Atlas_Corrected_Core.pdf, page 14>
Package pdftex.def Info: Depths_V46_2_Atlas_Corrected_Core.pdf , page14 used on
 input line 126.
(pdftex.def)             Requested size: 614.58206pt x 795.34204pt.
File: Depths_V46_2_Atlas_Corrected_Core.pdf Graphic file (type pdf)
<use Depths_V46_2_Atlas_Corrected_Core.pdf, page 14>
Package pdftex.def Info: Depths_V46_2_Atlas_Corrected_Core.pdf , page14 used on
 input line 126.
(pdftex.def)             Requested size: 614.58206pt x 795.34204pt.
 [17

 <./Depths_V46_2_Atlas_Corrected_Core.pdf>]
<Depths_V46_2_Atlas_Corrected_Core.pdf, id=414, page=15, 614.29298pt x 794.9679
7pt>
File: Depths_V46_2_Atlas_Corrected_Core.pdf Graphic file (type pdf)
<use Depths_V46_2_Atlas_Corrected_Core.pdf, page 15>
Package pdftex.def Info: Depths_V46_2_Atlas_Corrected_Core.pdf , page15 used on
 input line 126.
(pdftex.def)             Requested size: 614.58206pt x 795.34204pt.
File: Depths_V46_2_Atlas_Corrected_Core.pdf Graphic file (type pdf)
<use Depths_V46_2_Atlas_Corrected_Core.pdf, page 15>
Package pdftex.def Info: Depths_V46_2_Atlas_Corrected_Core.pdf , page15 used on
 input line 126.
(pdftex.def)             Requested size: 614.58206pt x 795.34204pt.
File: Depths_V46_2_Atlas_Corrected_Core.pdf Graphic file (type pdf)
<use Depths_V46_2_Atlas_Corrected_Core.pdf, page 15>
Package pdftex.def Info: Depths_V46_2_Atlas_Corrected_Core.pdf , page15 used on
 input line 126.
(pdftex.def)             Requested size: 614.58206pt x 795.34204pt.
 [18

 <./Depths_V46_2_Atlas_Corrected_Core.pdf>]
<Depths_V46_2_Atlas_Corrected_Core.pdf, id=429, page=16, 614.295pt x 794.97pt>
File: Depths_V46_2_Atlas_Corrected_Core.pdf Graphic file (type pdf)
<use Depths_V46_2_Atlas_Corrected_Core.pdf, page 16>
Package pdftex.def Info: Depths_V46_2_Atlas_Corrected_Core.pdf , page16 used on
 input line 126.
(pdftex.def)             Requested size: 614.58406pt x 795.3441pt.
File: Depths_V46_2_Atlas_Corrected_Core.pdf Graphic file (type pdf)
<use Depths_V46_2_Atlas_Corrected_Core.pdf, page 16>
Package pdftex.def Info: Depths_V46_2_Atlas_Corrected_Core.pdf , page16 used on
 input line 126.
(pdftex.def)             Requested size: 614.58406pt x 795.3441pt.
File: Depths_V46_2_Atlas_Corrected_Core.pdf Graphic file (type pdf)
<use Depths_V46_2_Atlas_Corrected_Core.pdf, page 16>
Package pdftex.def Info: Depths_V46_2_Atlas_Corrected_Core.pdf , page16 used on
 input line 126.
(pdftex.def)             Requested size: 614.58406pt x 795.3441pt.
 [19

 <./Depths_V46_2_Atlas_Corrected_Core.pdf>]
<Depths_V46_2_Atlas_Corrected_Core.pdf, id=478, page=17, 614.29199pt x 794.9659
6pt>
File: Depths_V46_2_Atlas_Corrected_Core.pdf Graphic file (type pdf)
<use Depths_V46_2_Atlas_Corrected_Core.pdf, page 17>
Package pdftex.def Info: Depths_V46_2_Atlas_Corrected_Core.pdf , page17 used on
 input line 126.
(pdftex.def)             Requested size: 614.58107pt x 795.34004pt.
File: Depths_V46_2_Atlas_Corrected_Core.pdf Graphic file (type pdf)
<use Depths_V46_2_Atlas_Corrected_Core.pdf, page 17>
Package pdftex.def Info: Depths_V46_2_Atlas_Corrected_Core.pdf , page17 used on
 input line 126.
(pdftex.def)             Requested size: 614.58107pt x 795.34004pt.
File: Depths_V46_2_Atlas_Corrected_Core.pdf Graphic file (type pdf)
<use Depths_V46_2_Atlas_Corrected_Core.pdf, page 17>
Package pdftex.def Info: Depths_V46_2_Atlas_Corrected_Core.pdf , page17 used on
 input line 126.
(pdftex.def)             Requested size: 614.58107pt x 795.34004pt.

[20

 <./Depths_V46_2_Atlas_Corrected_Core.pdf>]
<Depths_V46_2_Atlas_Corrected_Core.pdf, id=485, page=18, 614.29199pt x 794.9659
6pt>
File: Depths_V46_2_Atlas_Corrected_Core.pdf Graphic file (type pdf)
<use Depths_V46_2_Atlas_Corrected_Core.pdf, page 18>
Package pdftex.def Info: Depths_V46_2_Atlas_Corrected_Core.pdf , page18 used on
 input line 126.
(pdftex.def)             Requested size: 614.58107pt x 795.34004pt.
File: Depths_V46_2_Atlas_Corrected_Core.pdf Graphic file (type pdf)
<use Depths_V46_2_Atlas_Corrected_Core.pdf, page 18>
Package pdftex.def Info: Depths_V46_2_Atlas_Corrected_Core.pdf , page18 used on
 input line 126.
(pdftex.def)             Requested size: 614.58107pt x 795.34004pt.
File: Depths_V46_2_Atlas_Corrected_Core.pdf Graphic file (type pdf)
<use Depths_V46_2_Atlas_Corrected_Core.pdf, page 18>
Package pdftex.def Info: Depths_V46_2_Atlas_Corrected_Core.pdf , page18 used on
 input line 126.
(pdftex.def)             Requested size: 614.58107pt x 795.34004pt.
 [21

 <./Depths_V46_2_Atlas_Corrected_Core.pdf>]
<Depths_V46_2_Atlas_Corrected_Core.pdf, id=492, page=19, 614.29199pt x 794.9659
6pt>
File: Depths_V46_2_Atlas_Corrected_Core.pdf Graphic file (type pdf)
<use Depths_V46_2_Atlas_Corrected_Core.pdf, page 19>
Package pdftex.def Info: Depths_V46_2_Atlas_Corrected_Core.pdf , page19 used on
 input line 126.
(pdftex.def)             Requested size: 614.58107pt x 795.34004pt.
File: Depths_V46_2_Atlas_Corrected_Core.pdf Graphic file (type pdf)
<use Depths_V46_2_Atlas_Corrected_Core.pdf, page 19>
Package pdftex.def Info: Depths_V46_2_Atlas_Corrected_Core.pdf , page19 used on
 input line 126.
(pdftex.def)             Requested size: 614.58107pt x 795.34004pt.
File: Depths_V46_2_Atlas_Corrected_Core.pdf Graphic file (type pdf)
<use Depths_V46_2_Atlas_Corrected_Core.pdf, page 19>
Package pdftex.def Info: Depths_V46_2_Atlas_Corrected_Core.pdf , page19 used on
 input line 126.
(pdftex.def)             Requested size: 614.58107pt x 795.34004pt.
 [22

 <./Depths_V46_2_Atlas_Corrected_Core.pdf>]
<Depths_V46_2_Atlas_Corrected_Core.pdf, id=507, page=20, 614.29199pt x 794.9659
6pt>
File: Depths_V46_2_Atlas_Corrected_Core.pdf Graphic file (type pdf)
<use Depths_V46_2_Atlas_Corrected_Core.pdf, page 20>
Package pdftex.def Info: Depths_V46_2_Atlas_Corrected_Core.pdf , page20 used on
 input line 126.
(pdftex.def)             Requested size: 614.58107pt x 795.34004pt.
File: Depths_V46_2_Atlas_Corrected_Core.pdf Graphic file (type pdf)
<use Depths_V46_2_Atlas_Corrected_Core.pdf, page 20>
Package pdftex.def Info: Depths_V46_2_Atlas_Corrected_Core.pdf , page20 used on
 input line 126.
(pdftex.def)             Requested size: 614.58107pt x 795.34004pt.
File: Depths_V46_2_Atlas_Corrected_Core.pdf Graphic file (type pdf)
<use Depths_V46_2_Atlas_Corrected_Core.pdf, page 20>
Package pdftex.def Info: Depths_V46_2_Atlas_Corrected_Core.pdf , page20 used on
 input line 126.
(pdftex.def)             Requested size: 614.58107pt x 795.34004pt.
 [23

 <./Depths_V46_2_Atlas_Corrected_Core.pdf>]
<Depths_V46_2_Atlas_Corrected_Core.pdf, id=514, page=21, 614.29199pt x 794.9659
6pt>
File: Depths_V46_2_Atlas_Corrected_Core.pdf Graphic file (type pdf)
<use Depths_V46_2_Atlas_Corrected_Core.pdf, page 21>
Package pdftex.def Info: Depths_V46_2_Atlas_Corrected_Core.pdf , page21 used on
 input line 126.
(pdftex.def)             Requested size: 614.58107pt x 795.34004pt.
File: Depths_V46_2_Atlas_Corrected_Core.pdf Graphic file (type pdf)
<use Depths_V46_2_Atlas_Corrected_Core.pdf, page 21>
Package pdftex.def Info: Depths_V46_2_Atlas_Corrected_Core.pdf , page21 used on
 input line 126.
(pdftex.def)             Requested size: 614.58107pt x 795.34004pt.
File: Depths_V46_2_Atlas_Corrected_Core.pdf Graphic file (type pdf)
<use Depths_V46_2_Atlas_Corrected_Core.pdf, page 21>
Package pdftex.def Info: Depths_V46_2_Atlas_Corrected_Core.pdf , page21 used on
 input line 126.
(pdftex.def)             Requested size: 614.58107pt x 795.34004pt.
 [24

 <./Depths_V46_2_Atlas_Corrected_Core.pdf>]
<Depths_V46_2_Atlas_Corrected_Core.pdf, id=522, page=22, 614.29199pt x 794.9659
6pt>
File: Depths_V46_2_Atlas_Corrected_Core.pdf Graphic file (type pdf)
<use Depths_V46_2_Atlas_Corrected_Core.pdf, page 22>
Package pdftex.def Info: Depths_V46_2_Atlas_Corrected_Core.pdf , page22 used on
 input line 126.
(pdftex.def)             Requested size: 614.58107pt x 795.34004pt.
File: Depths_V46_2_Atlas_Corrected_Core.pdf Graphic file (type pdf)
<use Depths_V46_2_Atlas_Corrected_Core.pdf, page 22>
Package pdftex.def Info: Depths_V46_2_Atlas_Corrected_Core.pdf , page22 used on
 input line 126.
(pdftex.def)             Requested size: 614.58107pt x 795.34004pt.
File: Depths_V46_2_Atlas_Corrected_Core.pdf Graphic file (type pdf)
<use Depths_V46_2_Atlas_Corrected_Core.pdf, page 22>
Package pdftex.def Info: Depths_V46_2_Atlas_Corrected_Core.pdf , page22 used on
 input line 126.
(pdftex.def)             Requested size: 614.58107pt x 795.34004pt.

[25

 <./Depths_V46_2_Atlas_Corrected_Core.pdf>]
<Depths_V46_2_Atlas_Corrected_Core.pdf, id=529, page=23, 614.29199pt x 794.9659
6pt>
File: Depths_V46_2_Atlas_Corrected_Core.pdf Graphic file (type pdf)
<use Depths_V46_2_Atlas_Corrected_Core.pdf, page 23>
Package pdftex.def Info: Depths_V46_2_Atlas_Corrected_Core.pdf , page23 used on
 input line 126.
(pdftex.def)             Requested size: 614.58107pt x 795.34004pt.
File: Depths_V46_2_Atlas_Corrected_Core.pdf Graphic file (type pdf)
<use Depths_V46_2_Atlas_Corrected_Core.pdf, page 23>
Package pdftex.def Info: Depths_V46_2_Atlas_Corrected_Core.pdf , page23 used on
 input line 126.
(pdftex.def)             Requested size: 614.58107pt x 795.34004pt.
File: Depths_V46_2_Atlas_Corrected_Core.pdf Graphic file (type pdf)
<use Depths_V46_2_Atlas_Corrected_Core.pdf, page 23>
Package pdftex.def Info: Depths_V46_2_Atlas_Corrected_Core.pdf , page23 used on
 input line 126.
(pdftex.def)             Requested size: 614.58107pt x 795.34004pt.
 [26

 <./Depths_V46_2_Atlas_Corrected_Core.pdf>]
<Depths_V46_2_Atlas_Corrected_Core.pdf, id=540, page=24, 614.29199pt x 794.9659
6pt>
File: Depths_V46_2_Atlas_Corrected_Core.pdf Graphic file (type pdf)
<use Depths_V46_2_Atlas_Corrected_Core.pdf, page 24>
Package pdftex.def Info: Depths_V46_2_Atlas_Corrected_Core.pdf , page24 used on
 input line 126.
(pdftex.def)             Requested size: 614.58107pt x 795.34004pt.
File: Depths_V46_2_Atlas_Corrected_Core.pdf Graphic file (type pdf)
<use Depths_V46_2_Atlas_Corrected_Core.pdf, page 24>
Package pdftex.def Info: Depths_V46_2_Atlas_Corrected_Core.pdf , page24 used on
 input line 126.
(pdftex.def)             Requested size: 614.58107pt x 795.34004pt.
File: Depths_V46_2_Atlas_Corrected_Core.pdf Graphic file (type pdf)
<use Depths_V46_2_Atlas_Corrected_Core.pdf, page 24>
Package pdftex.def Info: Depths_V46_2_Atlas_Corrected_Core.pdf , page24 used on
 input line 126.
(pdftex.def)             Requested size: 614.58107pt x 795.34004pt.
 [27

 <./Depths_V46_2_Atlas_Corrected_Core.pdf>]
<Depths_V46_2_Atlas_Corrected_Core.pdf, id=547, page=25, 614.29199pt x 794.9659
6pt>
File: Depths_V46_2_Atlas_Corrected_Core.pdf Graphic file (type pdf)
<use Depths_V46_2_Atlas_Corrected_Core.pdf, page 25>
Package pdftex.def Info: Depths_V46_2_Atlas_Corrected_Core.pdf , page25 used on
 input line 126.
(pdftex.def)             Requested size: 614.58107pt x 795.34004pt.
File: Depths_V46_2_Atlas_Corrected_Core.pdf Graphic file (type pdf)
<use Depths_V46_2_Atlas_Corrected_Core.pdf, page 25>
Package pdftex.def Info: Depths_V46_2_Atlas_Corrected_Core.pdf , page25 used on
 input line 126.
(pdftex.def)             Requested size: 614.58107pt x 795.34004pt.
File: Depths_V46_2_Atlas_Corrected_Core.pdf Graphic file (type pdf)
<use Depths_V46_2_Atlas_Corrected_Core.pdf, page 25>
Package pdftex.def Info: Depths_V46_2_Atlas_Corrected_Core.pdf , page25 used on
 input line 126.
(pdftex.def)             Requested size: 614.58107pt x 795.34004pt.
 [28

 <./Depths_V46_2_Atlas_Corrected_Core.pdf>]
<Depths_V46_2_Atlas_Corrected_Core.pdf, id=561, page=26, 614.29199pt x 794.9659
6pt>
File: Depths_V46_2_Atlas_Corrected_Core.pdf Graphic file (type pdf)
<use Depths_V46_2_Atlas_Corrected_Core.pdf, page 26>
Package pdftex.def Info: Depths_V46_2_Atlas_Corrected_Core.pdf , page26 used on
 input line 126.
(pdftex.def)             Requested size: 614.58107pt x 795.34004pt.
File: Depths_V46_2_Atlas_Corrected_Core.pdf Graphic file (type pdf)
<use Depths_V46_2_Atlas_Corrected_Core.pdf, page 26>
Package pdftex.def Info: Depths_V46_2_Atlas_Corrected_Core.pdf , page26 used on
 input line 126.
(pdftex.def)             Requested size: 614.58107pt x 795.34004pt.
File: Depths_V46_2_Atlas_Corrected_Core.pdf Graphic file (type pdf)
<use Depths_V46_2_Atlas_Corrected_Core.pdf, page 26>
Package pdftex.def Info: Depths_V46_2_Atlas_Corrected_Core.pdf , page26 used on
 input line 126.
(pdftex.def)             Requested size: 614.58107pt x 795.34004pt.
 [29

 <./Depths_V46_2_Atlas_Corrected_Core.pdf>]
<Depths_V46_2_Atlas_Corrected_Core.pdf, id=568, page=27, 614.29199pt x 794.9659
6pt>
File: Depths_V46_2_Atlas_Corrected_Core.pdf Graphic file (type pdf)
<use Depths_V46_2_Atlas_Corrected_Core.pdf, page 27>
Package pdftex.def Info: Depths_V46_2_Atlas_Corrected_Core.pdf , page27 used on
 input line 126.
(pdftex.def)             Requested size: 614.58107pt x 795.34004pt.
File: Depths_V46_2_Atlas_Corrected_Core.pdf Graphic file (type pdf)
<use Depths_V46_2_Atlas_Corrected_Core.pdf, page 27>
Package pdftex.def Info: Depths_V46_2_Atlas_Corrected_Core.pdf , page27 used on
 input line 126.
(pdftex.def)             Requested size: 614.58107pt x 795.34004pt.
File: Depths_V46_2_Atlas_Corrected_Core.pdf Graphic file (type pdf)
<use Depths_V46_2_Atlas_Corrected_Core.pdf, page 27>
Package pdftex.def Info: Depths_V46_2_Atlas_Corrected_Core.pdf , page27 used on
 input line 126.
(pdftex.def)             Requested size: 614.58107pt x 795.34004pt.

[30

 <./Depths_V46_2_Atlas_Corrected_Core.pdf>]
<Depths_V46_2_Atlas_Corrected_Core.pdf, id=576, page=28, 614.29199pt x 794.9659
6pt>
File: Depths_V46_2_Atlas_Corrected_Core.pdf Graphic file (type pdf)
<use Depths_V46_2_Atlas_Corrected_Core.pdf, page 28>
Package pdftex.def Info: Depths_V46_2_Atlas_Corrected_Core.pdf , page28 used on
 input line 126.
(pdftex.def)             Requested size: 614.58107pt x 795.34004pt.
File: Depths_V46_2_Atlas_Corrected_Core.pdf Graphic file (type pdf)
<use Depths_V46_2_Atlas_Corrected_Core.pdf, page 28>
Package pdftex.def Info: Depths_V46_2_Atlas_Corrected_Core.pdf , page28 used on
 input line 126.
(pdftex.def)             Requested size: 614.58107pt x 795.34004pt.
File: Depths_V46_2_Atlas_Corrected_Core.pdf Graphic file (type pdf)
<use Depths_V46_2_Atlas_Corrected_Core.pdf, page 28>
Package pdftex.def Info: Depths_V46_2_Atlas_Corrected_Core.pdf , page28 used on
 input line 126.
(pdftex.def)             Requested size: 614.58107pt x 795.34004pt.
 [31

 <./Depths_V46_2_Atlas_Corrected_Core.pdf>]
<Depths_V46_2_Atlas_Corrected_Core.pdf, id=583, page=29, 614.29199pt x 794.9659
6pt>
File: Depths_V46_2_Atlas_Corrected_Core.pdf Graphic file (type pdf)
<use Depths_V46_2_Atlas_Corrected_Core.pdf, page 29>
Package pdftex.def Info: Depths_V46_2_Atlas_Corrected_Core.pdf , page29 used on
 input line 126.
(pdftex.def)             Requested size: 614.58107pt x 795.34004pt.
File: Depths_V46_2_Atlas_Corrected_Core.pdf Graphic file (type pdf)
<use Depths_V46_2_Atlas_Corrected_Core.pdf, page 29>
Package pdftex.def Info: Depths_V46_2_Atlas_Corrected_Core.pdf , page29 used on
 input line 126.
(pdftex.def)             Requested size: 614.58107pt x 795.34004pt.
File: Depths_V46_2_Atlas_Corrected_Core.pdf Graphic file (type pdf)
<use Depths_V46_2_Atlas_Corrected_Core.pdf, page 29>
Package pdftex.def Info: Depths_V46_2_Atlas_Corrected_Core.pdf , page29 used on
 input line 126.
(pdftex.def)             Requested size: 614.58107pt x 795.34004pt.
 [32

 <./Depths_V46_2_Atlas_Corrected_Core.pdf>]
<Depths_V46_2_Atlas_Corrected_Core.pdf, id=590, page=30, 614.29199pt x 794.9659
6pt>
File: Depths_V46_2_Atlas_Corrected_Core.pdf Graphic file (type pdf)
<use Depths_V46_2_Atlas_Corrected_Core.pdf, page 30>
Package pdftex.def Info: Depths_V46_2_Atlas_Corrected_Core.pdf , page30 used on
 input line 126.
(pdftex.def)             Requested size: 614.58107pt x 795.34004pt.
File: Depths_V46_2_Atlas_Corrected_Core.pdf Graphic file (type pdf)
<use Depths_V46_2_Atlas_Corrected_Core.pdf, page 30>
Package pdftex.def Info: Depths_V46_2_Atlas_Corrected_Core.pdf , page30 used on
 input line 126.
(pdftex.def)             Requested size: 614.58107pt x 795.34004pt.
File: Depths_V46_2_Atlas_Corrected_Core.pdf Graphic file (type pdf)
<use Depths_V46_2_Atlas_Corrected_Core.pdf, page 30>
Package pdftex.def Info: Depths_V46_2_Atlas_Corrected_Core.pdf , page30 used on
 input line 126.
(pdftex.def)             Requested size: 614.58107pt x 795.34004pt.
 [33

 <./Depths_V46_2_Atlas_Corrected_Core.pdf>]
<Depths_V46_2_Atlas_Corrected_Core.pdf, id=617, page=31, 614.29199pt x 794.9659
6pt>
File: Depths_V46_2_Atlas_Corrected_Core.pdf Graphic file (type pdf)
<use Depths_V46_2_Atlas_Corrected_Core.pdf, page 31>
Package pdftex.def Info: Depths_V46_2_Atlas_Corrected_Core.pdf , page31 used on
 input line 126.
(pdftex.def)             Requested size: 614.58107pt x 795.34004pt.
File: Depths_V46_2_Atlas_Corrected_Core.pdf Graphic file (type pdf)
<use Depths_V46_2_Atlas_Corrected_Core.pdf, page 31>
Package pdftex.def Info: Depths_V46_2_Atlas_Corrected_Core.pdf , page31 used on
 input line 126.
(pdftex.def)             Requested size: 614.58107pt x 795.34004pt.
File: Depths_V46_2_Atlas_Corrected_Core.pdf Graphic file (type pdf)
<use Depths_V46_2_Atlas_Corrected_Core.pdf, page 31>
Package pdftex.def Info: Depths_V46_2_Atlas_Corrected_Core.pdf , page31 used on
 input line 126.
(pdftex.def)             Requested size: 614.58107pt x 795.34004pt.
 [34

 <./Depths_V46_2_Atlas_Corrected_Core.pdf>]
<Depths_V46_2_Atlas_Corrected_Core.pdf, id=624, page=32, 614.29199pt x 794.9659
6pt>
File: Depths_V46_2_Atlas_Corrected_Core.pdf Graphic file (type pdf)
<use Depths_V46_2_Atlas_Corrected_Core.pdf, page 32>
Package pdftex.def Info: Depths_V46_2_Atlas_Corrected_Core.pdf , page32 used on
 input line 126.
(pdftex.def)             Requested size: 614.58107pt x 795.34004pt.
File: Depths_V46_2_Atlas_Corrected_Core.pdf Graphic file (type pdf)
<use Depths_V46_2_Atlas_Corrected_Core.pdf, page 32>
Package pdftex.def Info: Depths_V46_2_Atlas_Corrected_Core.pdf , page32 used on
 input line 126.
(pdftex.def)             Requested size: 614.58107pt x 795.34004pt.
File: Depths_V46_2_Atlas_Corrected_Core.pdf Graphic file (type pdf)
<use Depths_V46_2_Atlas_Corrected_Core.pdf, page 32>
Package pdftex.def Info: Depths_V46_2_Atlas_Corrected_Core.pdf , page32 used on
 input line 126.
(pdftex.def)             Requested size: 614.58107pt x 795.34004pt.

[35

 <./Depths_V46_2_Atlas_Corrected_Core.pdf>]
<Depths_V46_2_Atlas_Corrected_Core.pdf, id=631, page=33, 614.29199pt x 794.9659
6pt>
File: Depths_V46_2_Atlas_Corrected_Core.pdf Graphic file (type pdf)
<use Depths_V46_2_Atlas_Corrected_Core.pdf, page 33>
Package pdftex.def Info: Depths_V46_2_Atlas_Corrected_Core.pdf , page33 used on
 input line 126.
(pdftex.def)             Requested size: 614.58107pt x 795.34004pt.
File: Depths_V46_2_Atlas_Corrected_Core.pdf Graphic file (type pdf)
<use Depths_V46_2_Atlas_Corrected_Core.pdf, page 33>
Package pdftex.def Info: Depths_V46_2_Atlas_Corrected_Core.pdf , page33 used on
 input line 126.
(pdftex.def)             Requested size: 614.58107pt x 795.34004pt.
File: Depths_V46_2_Atlas_Corrected_Core.pdf Graphic file (type pdf)
<use Depths_V46_2_Atlas_Corrected_Core.pdf, page 33>
Package pdftex.def Info: Depths_V46_2_Atlas_Corrected_Core.pdf , page33 used on
 input line 126.
(pdftex.def)             Requested size: 614.58107pt x 795.34004pt.
 [36

 <./Depths_V46_2_Atlas_Corrected_Core.pdf>]
<Depths_V46_2_Atlas_Corrected_Core.pdf, id=652, page=34, 614.29199pt x 794.9659
6pt>
File: Depths_V46_2_Atlas_Corrected_Core.pdf Graphic file (type pdf)
<use Depths_V46_2_Atlas_Corrected_Core.pdf, page 34>
Package pdftex.def Info: Depths_V46_2_Atlas_Corrected_Core.pdf , page34 used on
 input line 126.
(pdftex.def)             Requested size: 614.58107pt x 795.34004pt.
File: Depths_V46_2_Atlas_Corrected_Core.pdf Graphic file (type pdf)
<use Depths_V46_2_Atlas_Corrected_Core.pdf, page 34>
Package pdftex.def Info: Depths_V46_2_Atlas_Corrected_Core.pdf , page34 used on
 input line 126.
(pdftex.def)             Requested size: 614.58107pt x 795.34004pt.
File: Depths_V46_2_Atlas_Corrected_Core.pdf Graphic file (type pdf)
<use Depths_V46_2_Atlas_Corrected_Core.pdf, page 34>
Package pdftex.def Info: Depths_V46_2_Atlas_Corrected_Core.pdf , page34 used on
 input line 126.
(pdftex.def)             Requested size: 614.58107pt x 795.34004pt.
 [37

 <./Depths_V46_2_Atlas_Corrected_Core.pdf>]
<Depths_V46_2_Atlas_Corrected_Core.pdf, id=659, page=35, 614.29199pt x 794.9659
6pt>
File: Depths_V46_2_Atlas_Corrected_Core.pdf Graphic file (type pdf)
<use Depths_V46_2_Atlas_Corrected_Core.pdf, page 35>
Package pdftex.def Info: Depths_V46_2_Atlas_Corrected_Core.pdf , page35 used on
 input line 126.
(pdftex.def)             Requested size: 614.58107pt x 795.34004pt.
File: Depths_V46_2_Atlas_Corrected_Core.pdf Graphic file (type pdf)
<use Depths_V46_2_Atlas_Corrected_Core.pdf, page 35>
Package pdftex.def Info: Depths_V46_2_Atlas_Corrected_Core.pdf , page35 used on
 input line 126.
(pdftex.def)             Requested size: 614.58107pt x 795.34004pt.
File: Depths_V46_2_Atlas_Corrected_Core.pdf Graphic file (type pdf)
<use Depths_V46_2_Atlas_Corrected_Core.pdf, page 35>
Package pdftex.def Info: Depths_V46_2_Atlas_Corrected_Core.pdf , page35 used on
 input line 126.
(pdftex.def)             Requested size: 614.58107pt x 795.34004pt.
 [38

 <./Depths_V46_2_Atlas_Corrected_Core.pdf>]
<Depths_V46_2_Atlas_Corrected_Core.pdf, id=666, page=36, 614.29199pt x 794.9659
6pt>
File: Depths_V46_2_Atlas_Corrected_Core.pdf Graphic file (type pdf)
<use Depths_V46_2_Atlas_Corrected_Core.pdf, page 36>
Package pdftex.def Info: Depths_V46_2_Atlas_Corrected_Core.pdf , page36 used on
 input line 126.
(pdftex.def)             Requested size: 614.58107pt x 795.34004pt.
File: Depths_V46_2_Atlas_Corrected_Core.pdf Graphic file (type pdf)
<use Depths_V46_2_Atlas_Corrected_Core.pdf, page 36>
Package pdftex.def Info: Depths_V46_2_Atlas_Corrected_Core.pdf , page36 used on
 input line 126.
(pdftex.def)             Requested size: 614.58107pt x 795.34004pt.
File: Depths_V46_2_Atlas_Corrected_Core.pdf Graphic file (type pdf)
<use Depths_V46_2_Atlas_Corrected_Core.pdf, page 36>
Package pdftex.def Info: Depths_V46_2_Atlas_Corrected_Core.pdf , page36 used on
 input line 126.
(pdftex.def)             Requested size: 614.58107pt x 795.34004pt.
 [39

 <./Depths_V46_2_Atlas_Corrected_Core.pdf>]
<Depths_V46_2_Atlas_Corrected_Core.pdf, id=673, page=37, 614.29199pt x 794.9659
6pt>
File: Depths_V46_2_Atlas_Corrected_Core.pdf Graphic file (type pdf)
<use Depths_V46_2_Atlas_Corrected_Core.pdf, page 37>
Package pdftex.def Info: Depths_V46_2_Atlas_Corrected_Core.pdf , page37 used on
 input line 126.
(pdftex.def)             Requested size: 614.58107pt x 795.34004pt.
File: Depths_V46_2_Atlas_Corrected_Core.pdf Graphic file (type pdf)
<use Depths_V46_2_Atlas_Corrected_Core.pdf, page 37>
Package pdftex.def Info: Depths_V46_2_Atlas_Corrected_Core.pdf , page37 used on
 input line 126.
(pdftex.def)             Requested size: 614.58107pt x 795.34004pt.
File: Depths_V46_2_Atlas_Corrected_Core.pdf Graphic file (type pdf)
<use Depths_V46_2_Atlas_Corrected_Core.pdf, page 37>
Package pdftex.def Info: Depths_V46_2_Atlas_Corrected_Core.pdf , page37 used on
 input line 126.
(pdftex.def)             Requested size: 614.58107pt x 795.34004pt.

[40

 <./Depths_V46_2_Atlas_Corrected_Core.pdf>]
<Depths_V46_2_Atlas_Corrected_Core.pdf, id=695, page=38, 614.29199pt x 794.9659
6pt>
File: Depths_V46_2_Atlas_Corrected_Core.pdf Graphic file (type pdf)
<use Depths_V46_2_Atlas_Corrected_Core.pdf, page 38>
Package pdftex.def Info: Depths_V46_2_Atlas_Corrected_Core.pdf , page38 used on
 input line 126.
(pdftex.def)             Requested size: 614.58107pt x 795.34004pt.
File: Depths_V46_2_Atlas_Corrected_Core.pdf Graphic file (type pdf)
<use Depths_V46_2_Atlas_Corrected_Core.pdf, page 38>
Package pdftex.def Info: Depths_V46_2_Atlas_Corrected_Core.pdf , page38 used on
 input line 126.
(pdftex.def)             Requested size: 614.58107pt x 795.34004pt.
File: Depths_V46_2_Atlas_Corrected_Core.pdf Graphic file (type pdf)
<use Depths_V46_2_Atlas_Corrected_Core.pdf, page 38>
Package pdftex.def Info: Depths_V46_2_Atlas_Corrected_Core.pdf , page38 used on
 input line 126.
(pdftex.def)             Requested size: 614.58107pt x 795.34004pt.
 [41

 <./Depths_V46_2_Atlas_Corrected_Core.pdf>]
<Depths_V46_2_Atlas_Corrected_Core.pdf, id=702, page=39, 614.29199pt x 794.9659
6pt>
File: Depths_V46_2_Atlas_Corrected_Core.pdf Graphic file (type pdf)
<use Depths_V46_2_Atlas_Corrected_Core.pdf, page 39>
Package pdftex.def Info: Depths_V46_2_Atlas_Corrected_Core.pdf , page39 used on
 input line 126.
(pdftex.def)             Requested size: 614.58107pt x 795.34004pt.
File: Depths_V46_2_Atlas_Corrected_Core.pdf Graphic file (type pdf)
<use Depths_V46_2_Atlas_Corrected_Core.pdf, page 39>
Package pdftex.def Info: Depths_V46_2_Atlas_Corrected_Core.pdf , page39 used on
 input line 126.
(pdftex.def)             Requested size: 614.58107pt x 795.34004pt.
File: Depths_V46_2_Atlas_Corrected_Core.pdf Graphic file (type pdf)
<use Depths_V46_2_Atlas_Corrected_Core.pdf, page 39>
Package pdftex.def Info: Depths_V46_2_Atlas_Corrected_Core.pdf , page39 used on
 input line 126.
(pdftex.def)             Requested size: 614.58107pt x 795.34004pt.
 [42

 <./Depths_V46_2_Atlas_Corrected_Core.pdf>]
<Depths_V46_2_Atlas_Corrected_Core.pdf, id=709, page=40, 614.29199pt x 794.9659
6pt>
File: Depths_V46_2_Atlas_Corrected_Core.pdf Graphic file (type pdf)
<use Depths_V46_2_Atlas_Corrected_Core.pdf, page 40>
Package pdftex.def Info: Depths_V46_2_Atlas_Corrected_Core.pdf , page40 used on
 input line 126.
(pdftex.def)             Requested size: 614.58107pt x 795.34004pt.
File: Depths_V46_2_Atlas_Corrected_Core.pdf Graphic file (type pdf)
<use Depths_V46_2_Atlas_Corrected_Core.pdf, page 40>
Package pdftex.def Info: Depths_V46_2_Atlas_Corrected_Core.pdf , page40 used on
 input line 126.
(pdftex.def)             Requested size: 614.58107pt x 795.34004pt.
File: Depths_V46_2_Atlas_Corrected_Core.pdf Graphic file (type pdf)
<use Depths_V46_2_Atlas_Corrected_Core.pdf, page 40>
Package pdftex.def Info: Depths_V46_2_Atlas_Corrected_Core.pdf , page40 used on
 input line 126.
(pdftex.def)             Requested size: 614.58107pt x 795.34004pt.
 [43

 <./Depths_V46_2_Atlas_Corrected_Core.pdf>]
<Depths_V46_2_Atlas_Corrected_Core.pdf, id=716, page=41, 614.29199pt x 794.9659
6pt>
File: Depths_V46_2_Atlas_Corrected_Core.pdf Graphic file (type pdf)
<use Depths_V46_2_Atlas_Corrected_Core.pdf, page 41>
Package pdftex.def Info: Depths_V46_2_Atlas_Corrected_Core.pdf , page41 used on
 input line 126.
(pdftex.def)             Requested size: 614.58107pt x 795.34004pt.
File: Depths_V46_2_Atlas_Corrected_Core.pdf Graphic file (type pdf)
<use Depths_V46_2_Atlas_Corrected_Core.pdf, page 41>
Package pdftex.def Info: Depths_V46_2_Atlas_Corrected_Core.pdf , page41 used on
 input line 126.
(pdftex.def)             Requested size: 614.58107pt x 795.34004pt.
File: Depths_V46_2_Atlas_Corrected_Core.pdf Graphic file (type pdf)
<use Depths_V46_2_Atlas_Corrected_Core.pdf, page 41>
Package pdftex.def Info: Depths_V46_2_Atlas_Corrected_Core.pdf , page41 used on
 input line 126.
(pdftex.def)             Requested size: 614.58107pt x 795.34004pt.
 [44

 <./Depths_V46_2_Atlas_Corrected_Core.pdf>]
<Depths_V46_2_Atlas_Corrected_Core.pdf, id=723, page=42, 614.295pt x 794.97pt>
File: Depths_V46_2_Atlas_Corrected_Core.pdf Graphic file (type pdf)
<use Depths_V46_2_Atlas_Corrected_Core.pdf, page 42>
Package pdftex.def Info: Depths_V46_2_Atlas_Corrected_Core.pdf , page42 used on
 input line 126.
(pdftex.def)             Requested size: 614.58406pt x 795.3441pt.
File: Depths_V46_2_Atlas_Corrected_Core.pdf Graphic file (type pdf)
<use Depths_V46_2_Atlas_Corrected_Core.pdf, page 42>
Package pdftex.def Info: Depths_V46_2_Atlas_Corrected_Core.pdf , page42 used on
 input line 126.
(pdftex.def)             Requested size: 614.58406pt x 795.3441pt.
File: Depths_V46_2_Atlas_Corrected_Core.pdf Graphic file (type pdf)
<use Depths_V46_2_Atlas_Corrected_Core.pdf, page 42>
Package pdftex.def Info: Depths_V46_2_Atlas_Corrected_Core.pdf , page42 used on
 input line 126.
(pdftex.def)             Requested size: 614.58406pt x 795.3441pt.

[45

 <./Depths_V46_2_Atlas_Corrected_Core.pdf>]
<Depths_V46_2_Atlas_Corrected_Core.pdf, id=728, page=43, 614.29199pt x 794.9659
6pt>
File: Depths_V46_2_Atlas_Corrected_Core.pdf Graphic file (type pdf)
<use Depths_V46_2_Atlas_Corrected_Core.pdf, page 43>
Package pdftex.def Info: Depths_V46_2_Atlas_Corrected_Core.pdf , page43 used on
 input line 126.
(pdftex.def)             Requested size: 614.58107pt x 795.34004pt.
File: Depths_V46_2_Atlas_Corrected_Core.pdf Graphic file (type pdf)
<use Depths_V46_2_Atlas_Corrected_Core.pdf, page 43>
Package pdftex.def Info: Depths_V46_2_Atlas_Corrected_Core.pdf , page43 used on
 input line 126.
(pdftex.def)             Requested size: 614.58107pt x 795.34004pt.
File: Depths_V46_2_Atlas_Corrected_Core.pdf Graphic file (type pdf)
<use Depths_V46_2_Atlas_Corrected_Core.pdf, page 43>
Package pdftex.def Info: Depths_V46_2_Atlas_Corrected_Core.pdf , page43 used on
 input line 126.
(pdftex.def)             Requested size: 614.58107pt x 795.34004pt.
 [46

 <./Depths_V46_2_Atlas_Corrected_Core.pdf>]
<Depths_V46_2_Atlas_Corrected_Core.pdf, id=735, page=44, 614.29199pt x 794.9659
6pt>
File: Depths_V46_2_Atlas_Corrected_Core.pdf Graphic file (type pdf)
<use Depths_V46_2_Atlas_Corrected_Core.pdf, page 44>
Package pdftex.def Info: Depths_V46_2_Atlas_Corrected_Core.pdf , page44 used on
 input line 126.
(pdftex.def)             Requested size: 614.58107pt x 795.34004pt.
File: Depths_V46_2_Atlas_Corrected_Core.pdf Graphic file (type pdf)
<use Depths_V46_2_Atlas_Corrected_Core.pdf, page 44>
Package pdftex.def Info: Depths_V46_2_Atlas_Corrected_Core.pdf , page44 used on
 input line 126.
(pdftex.def)             Requested size: 614.58107pt x 795.34004pt.
File: Depths_V46_2_Atlas_Corrected_Core.pdf Graphic file (type pdf)
<use Depths_V46_2_Atlas_Corrected_Core.pdf, page 44>
Package pdftex.def Info: Depths_V46_2_Atlas_Corrected_Core.pdf , page44 used on
 input line 126.
(pdftex.def)             Requested size: 614.58107pt x 795.34004pt.
 [47

 <./Depths_V46_2_Atlas_Corrected_Core.pdf>]
<Depths_V46_2_Atlas_Corrected_Core.pdf, id=753, page=45, 614.29199pt x 794.9659
6pt>
File: Depths_V46_2_Atlas_Corrected_Core.pdf Graphic file (type pdf)
<use Depths_V46_2_Atlas_Corrected_Core.pdf, page 45>
Package pdftex.def Info: Depths_V46_2_Atlas_Corrected_Core.pdf , page45 used on
 input line 126.
(pdftex.def)             Requested size: 614.58107pt x 795.34004pt.
File: Depths_V46_2_Atlas_Corrected_Core.pdf Graphic file (type pdf)
<use Depths_V46_2_Atlas_Corrected_Core.pdf, page 45>
Package pdftex.def Info: Depths_V46_2_Atlas_Corrected_Core.pdf , page45 used on
 input line 126.
(pdftex.def)             Requested size: 614.58107pt x 795.34004pt.
File: Depths_V46_2_Atlas_Corrected_Core.pdf Graphic file (type pdf)
<use Depths_V46_2_Atlas_Corrected_Core.pdf, page 45>
Package pdftex.def Info: Depths_V46_2_Atlas_Corrected_Core.pdf , page45 used on
 input line 126.
(pdftex.def)             Requested size: 614.58107pt x 795.34004pt.
 [48

 <./Depths_V46_2_Atlas_Corrected_Core.pdf>]
<Depths_V46_2_Atlas_Corrected_Core.pdf, id=761, page=46, 614.29199pt x 794.9659
6pt>
File: Depths_V46_2_Atlas_Corrected_Core.pdf Graphic file (type pdf)
<use Depths_V46_2_Atlas_Corrected_Core.pdf, page 46>
Package pdftex.def Info: Depths_V46_2_Atlas_Corrected_Core.pdf , page46 used on
 input line 126.
(pdftex.def)             Requested size: 614.58107pt x 795.34004pt.
File: Depths_V46_2_Atlas_Corrected_Core.pdf Graphic file (type pdf)
<use Depths_V46_2_Atlas_Corrected_Core.pdf, page 46>
Package pdftex.def Info: Depths_V46_2_Atlas_Corrected_Core.pdf , page46 used on
 input line 126.
(pdftex.def)             Requested size: 614.58107pt x 795.34004pt.
File: Depths_V46_2_Atlas_Corrected_Core.pdf Graphic file (type pdf)
<use Depths_V46_2_Atlas_Corrected_Core.pdf, page 46>
Package pdftex.def Info: Depths_V46_2_Atlas_Corrected_Core.pdf , page46 used on
 input line 126.
(pdftex.def)             Requested size: 614.58107pt x 795.34004pt.
 [49

 <./Depths_V46_2_Atlas_Corrected_Core.pdf>]
<Depths_V46_2_Atlas_Corrected_Core.pdf, id=767, page=47, 614.29199pt x 794.9659
6pt>
File: Depths_V46_2_Atlas_Corrected_Core.pdf Graphic file (type pdf)
<use Depths_V46_2_Atlas_Corrected_Core.pdf, page 47>
Package pdftex.def Info: Depths_V46_2_Atlas_Corrected_Core.pdf , page47 used on
 input line 126.
(pdftex.def)             Requested size: 614.58107pt x 795.34004pt.
File: Depths_V46_2_Atlas_Corrected_Core.pdf Graphic file (type pdf)
<use Depths_V46_2_Atlas_Corrected_Core.pdf, page 47>
Package pdftex.def Info: Depths_V46_2_Atlas_Corrected_Core.pdf , page47 used on
 input line 126.
(pdftex.def)             Requested size: 614.58107pt x 795.34004pt.
File: Depths_V46_2_Atlas_Corrected_Core.pdf Graphic file (type pdf)
<use Depths_V46_2_Atlas_Corrected_Core.pdf, page 47>
Package pdftex.def Info: Depths_V46_2_Atlas_Corrected_Core.pdf , page47 used on
 input line 126.
(pdftex.def)             Requested size: 614.58107pt x 795.34004pt.

[50

 <./Depths_V46_2_Atlas_Corrected_Core.pdf>]
<Depths_V46_2_Atlas_Corrected_Core.pdf, id=774, page=48, 614.29199pt x 794.9659
6pt>
File: Depths_V46_2_Atlas_Corrected_Core.pdf Graphic file (type pdf)
<use Depths_V46_2_Atlas_Corrected_Core.pdf, page 48>
Package pdftex.def Info: Depths_V46_2_Atlas_Corrected_Core.pdf , page48 used on
 input line 126.
(pdftex.def)             Requested size: 614.58107pt x 795.34004pt.
File: Depths_V46_2_Atlas_Corrected_Core.pdf Graphic file (type pdf)
<use Depths_V46_2_Atlas_Corrected_Core.pdf, page 48>
Package pdftex.def Info: Depths_V46_2_Atlas_Corrected_Core.pdf , page48 used on
 input line 126.
(pdftex.def)             Requested size: 614.58107pt x 795.34004pt.
File: Depths_V46_2_Atlas_Corrected_Core.pdf Graphic file (type pdf)
<use Depths_V46_2_Atlas_Corrected_Core.pdf, page 48>
Package pdftex.def Info: Depths_V46_2_Atlas_Corrected_Core.pdf , page48 used on
 input line 126.
(pdftex.def)             Requested size: 614.58107pt x 795.34004pt.
 [51

 <./Depths_V46_2_Atlas_Corrected_Core.pdf>]
<Depths_V46_2_Atlas_Corrected_Core.pdf, id=781, page=49, 614.295pt x 794.97pt>
File: Depths_V46_2_Atlas_Corrected_Core.pdf Graphic file (type pdf)
<use Depths_V46_2_Atlas_Corrected_Core.pdf, page 49>
Package pdftex.def Info: Depths_V46_2_Atlas_Corrected_Core.pdf , page49 used on
 input line 126.
(pdftex.def)             Requested size: 614.58406pt x 795.3441pt.
File: Depths_V46_2_Atlas_Corrected_Core.pdf Graphic file (type pdf)
<use Depths_V46_2_Atlas_Corrected_Core.pdf, page 49>
Package pdftex.def Info: Depths_V46_2_Atlas_Corrected_Core.pdf , page49 used on
 input line 126.
(pdftex.def)             Requested size: 614.58406pt x 795.3441pt.
File: Depths_V46_2_Atlas_Corrected_Core.pdf Graphic file (type pdf)
<use Depths_V46_2_Atlas_Corrected_Core.pdf, page 49>
Package pdftex.def Info: Depths_V46_2_Atlas_Corrected_Core.pdf , page49 used on
 input line 126.
(pdftex.def)             Requested size: 614.58406pt x 795.3441pt.
 [52

 <./Depths_V46_2_Atlas_Corrected_Core.pdf>]
<Depths_V46_2_Atlas_Corrected_Core.pdf, id=798, page=50, 614.29199pt x 794.9659
6pt>
File: Depths_V46_2_Atlas_Corrected_Core.pdf Graphic file (type pdf)
<use Depths_V46_2_Atlas_Corrected_Core.pdf, page 50>
Package pdftex.def Info: Depths_V46_2_Atlas_Corrected_Core.pdf , page50 used on
 input line 126.
(pdftex.def)             Requested size: 614.58107pt x 795.34004pt.
File: Depths_V46_2_Atlas_Corrected_Core.pdf Graphic file (type pdf)
<use Depths_V46_2_Atlas_Corrected_Core.pdf, page 50>
Package pdftex.def Info: Depths_V46_2_Atlas_Corrected_Core.pdf , page50 used on
 input line 126.
(pdftex.def)             Requested size: 614.58107pt x 795.34004pt.
File: Depths_V46_2_Atlas_Corrected_Core.pdf Graphic file (type pdf)
<use Depths_V46_2_Atlas_Corrected_Core.pdf, page 50>
Package pdftex.def Info: Depths_V46_2_Atlas_Corrected_Core.pdf , page50 used on
 input line 126.
(pdftex.def)             Requested size: 614.58107pt x 795.34004pt.
 [53

 <./Depths_V46_2_Atlas_Corrected_Core.pdf>]
<Depths_V46_2_Atlas_Corrected_Core.pdf, id=812, page=51, 614.295pt x 794.97pt>
File: Depths_V46_2_Atlas_Corrected_Core.pdf Graphic file (type pdf)
<use Depths_V46_2_Atlas_Corrected_Core.pdf, page 51>
Package pdftex.def Info: Depths_V46_2_Atlas_Corrected_Core.pdf , page51 used on
 input line 126.
(pdftex.def)             Requested size: 614.58406pt x 795.3441pt.
File: Depths_V46_2_Atlas_Corrected_Core.pdf Graphic file (type pdf)
<use Depths_V46_2_Atlas_Corrected_Core.pdf, page 51>
Package pdftex.def Info: Depths_V46_2_Atlas_Corrected_Core.pdf , page51 used on
 input line 126.
(pdftex.def)             Requested size: 614.58406pt x 795.3441pt.
File: Depths_V46_2_Atlas_Corrected_Core.pdf Graphic file (type pdf)
<use Depths_V46_2_Atlas_Corrected_Core.pdf, page 51>
Package pdftex.def Info: Depths_V46_2_Atlas_Corrected_Core.pdf , page51 used on
 input line 126.
(pdftex.def)             Requested size: 614.58406pt x 795.3441pt.
 [54

 <./Depths_V46_2_Atlas_Corrected_Core.pdf>]
<Depths_V46_2_Atlas_Corrected_Core.pdf, id=830, page=52, 614.29298pt x 794.9679
7pt>
File: Depths_V46_2_Atlas_Corrected_Core.pdf Graphic file (type pdf)
<use Depths_V46_2_Atlas_Corrected_Core.pdf, page 52>
Package pdftex.def Info: Depths_V46_2_Atlas_Corrected_Core.pdf , page52 used on
 input line 126.
(pdftex.def)             Requested size: 614.58206pt x 795.34204pt.
File: Depths_V46_2_Atlas_Corrected_Core.pdf Graphic file (type pdf)
<use Depths_V46_2_Atlas_Corrected_Core.pdf, page 52>
Package pdftex.def Info: Depths_V46_2_Atlas_Corrected_Core.pdf , page52 used on
 input line 126.
(pdftex.def)             Requested size: 614.58206pt x 795.34204pt.
File: Depths_V46_2_Atlas_Corrected_Core.pdf Graphic file (type pdf)
<use Depths_V46_2_Atlas_Corrected_Core.pdf, page 52>
Package pdftex.def Info: Depths_V46_2_Atlas_Corrected_Core.pdf , page52 used on
 input line 126.
(pdftex.def)             Requested size: 614.58206pt x 795.34204pt.

[55

 <./Depths_V46_2_Atlas_Corrected_Core.pdf>]
<Depths_V46_2_Atlas_Corrected_Core.pdf, id=836, page=53, 614.29298pt x 794.9679
7pt>
File: Depths_V46_2_Atlas_Corrected_Core.pdf Graphic file (type pdf)
<use Depths_V46_2_Atlas_Corrected_Core.pdf, page 53>
Package pdftex.def Info: Depths_V46_2_Atlas_Corrected_Core.pdf , page53 used on
 input line 126.
(pdftex.def)             Requested size: 614.58206pt x 795.34204pt.
File: Depths_V46_2_Atlas_Corrected_Core.pdf Graphic file (type pdf)
<use Depths_V46_2_Atlas_Corrected_Core.pdf, page 53>
Package pdftex.def Info: Depths_V46_2_Atlas_Corrected_Core.pdf , page53 used on
 input line 126.
(pdftex.def)             Requested size: 614.58206pt x 795.34204pt.
File: Depths_V46_2_Atlas_Corrected_Core.pdf Graphic file (type pdf)
<use Depths_V46_2_Atlas_Corrected_Core.pdf, page 53>
Package pdftex.def Info: Depths_V46_2_Atlas_Corrected_Core.pdf , page53 used on
 input line 126.
(pdftex.def)             Requested size: 614.58206pt x 795.34204pt.
 [56

 <./Depths_V46_2_Atlas_Corrected_Core.pdf>]
<Depths_V46_2_Atlas_Corrected_Core.pdf, id=843, page=54, 614.29298pt x 794.9679
7pt>
File: Depths_V46_2_Atlas_Corrected_Core.pdf Graphic file (type pdf)
<use Depths_V46_2_Atlas_Corrected_Core.pdf, page 54>
Package pdftex.def Info: Depths_V46_2_Atlas_Corrected_Core.pdf , page54 used on
 input line 126.
(pdftex.def)             Requested size: 614.58206pt x 795.34204pt.
File: Depths_V46_2_Atlas_Corrected_Core.pdf Graphic file (type pdf)
<use Depths_V46_2_Atlas_Corrected_Core.pdf, page 54>
Package pdftex.def Info: Depths_V46_2_Atlas_Corrected_Core.pdf , page54 used on
 input line 126.
(pdftex.def)             Requested size: 614.58206pt x 795.34204pt.
File: Depths_V46_2_Atlas_Corrected_Core.pdf Graphic file (type pdf)
<use Depths_V46_2_Atlas_Corrected_Core.pdf, page 54>
Package pdftex.def Info: Depths_V46_2_Atlas_Corrected_Core.pdf , page54 used on
 input line 126.
(pdftex.def)             Requested size: 614.58206pt x 795.34204pt.
 [57

 <./Depths_V46_2_Atlas_Corrected_Core.pdf>]
<Depths_V46_2_Atlas_Corrected_Core.pdf, id=850, page=55, 614.29298pt x 794.9679
7pt>
File: Depths_V46_2_Atlas_Corrected_Core.pdf Graphic file (type pdf)
<use Depths_V46_2_Atlas_Corrected_Core.pdf, page 55>
Package pdftex.def Info: Depths_V46_2_Atlas_Corrected_Core.pdf , page55 used on
 input line 126.
(pdftex.def)             Requested size: 614.58206pt x 795.34204pt.
File: Depths_V46_2_Atlas_Corrected_Core.pdf Graphic file (type pdf)
<use Depths_V46_2_Atlas_Corrected_Core.pdf, page 55>
Package pdftex.def Info: Depths_V46_2_Atlas_Corrected_Core.pdf , page55 used on
 input line 126.
(pdftex.def)             Requested size: 614.58206pt x 795.34204pt.
File: Depths_V46_2_Atlas_Corrected_Core.pdf Graphic file (type pdf)
<use Depths_V46_2_Atlas_Corrected_Core.pdf, page 55>
Package pdftex.def Info: Depths_V46_2_Atlas_Corrected_Core.pdf , page55 used on
 input line 126.
(pdftex.def)             Requested size: 614.58206pt x 795.34204pt.
 [58

 <./Depths_V46_2_Atlas_Corrected_Core.pdf>]
<Depths_V46_2_Atlas_Corrected_Core.pdf, id=856, page=56, 614.295pt x 794.97pt>
File: Depths_V46_2_Atlas_Corrected_Core.pdf Graphic file (type pdf)
<use Depths_V46_2_Atlas_Corrected_Core.pdf, page 56>
Package pdftex.def Info: Depths_V46_2_Atlas_Corrected_Core.pdf , page56 used on
 input line 126.
(pdftex.def)             Requested size: 614.58406pt x 795.3441pt.
File: Depths_V46_2_Atlas_Corrected_Core.pdf Graphic file (type pdf)
<use Depths_V46_2_Atlas_Corrected_Core.pdf, page 56>
Package pdftex.def Info: Depths_V46_2_Atlas_Corrected_Core.pdf , page56 used on
 input line 126.
(pdftex.def)             Requested size: 614.58406pt x 795.3441pt.
File: Depths_V46_2_Atlas_Corrected_Core.pdf Graphic file (type pdf)
<use Depths_V46_2_Atlas_Corrected_Core.pdf, page 56>
Package pdftex.def Info: Depths_V46_2_Atlas_Corrected_Core.pdf , page56 used on
 input line 126.
(pdftex.def)             Requested size: 614.58406pt x 795.3441pt.
 [59

 <./Depths_V46_2_Atlas_Corrected_Core.pdf>]
<Depths_V46_2_Atlas_Corrected_Core.pdf, id=861, page=57, 614.29199pt x 794.9659
6pt>
File: Depths_V46_2_Atlas_Corrected_Core.pdf Graphic file (type pdf)
<use Depths_V46_2_Atlas_Corrected_Core.pdf, page 57>
Package pdftex.def Info: Depths_V46_2_Atlas_Corrected_Core.pdf , page57 used on
 input line 126.
(pdftex.def)             Requested size: 614.58107pt x 795.34004pt.
File: Depths_V46_2_Atlas_Corrected_Core.pdf Graphic file (type pdf)
<use Depths_V46_2_Atlas_Corrected_Core.pdf, page 57>
Package pdftex.def Info: Depths_V46_2_Atlas_Corrected_Core.pdf , page57 used on
 input line 126.
(pdftex.def)             Requested size: 614.58107pt x 795.34004pt.
File: Depths_V46_2_Atlas_Corrected_Core.pdf Graphic file (type pdf)
<use Depths_V46_2_Atlas_Corrected_Core.pdf, page 57>
Package pdftex.def Info: Depths_V46_2_Atlas_Corrected_Core.pdf , page57 used on
 input line 126.
(pdftex.def)             Requested size: 614.58107pt x 795.34004pt.

[60

 <./Depths_V46_2_Atlas_Corrected_Core.pdf>]
<Depths_V46_2_Atlas_Corrected_Core.pdf, id=869, page=58, 614.29199pt x 794.9659
6pt>
File: Depths_V46_2_Atlas_Corrected_Core.pdf Graphic file (type pdf)
<use Depths_V46_2_Atlas_Corrected_Core.pdf, page 58>
Package pdftex.def Info: Depths_V46_2_Atlas_Corrected_Core.pdf , page58 used on
 input line 126.
(pdftex.def)             Requested size: 614.58107pt x 795.34004pt.
File: Depths_V46_2_Atlas_Corrected_Core.pdf Graphic file (type pdf)
<use Depths_V46_2_Atlas_Corrected_Core.pdf, page 58>
Package pdftex.def Info: Depths_V46_2_Atlas_Corrected_Core.pdf , page58 used on
 input line 126.
(pdftex.def)             Requested size: 614.58107pt x 795.34004pt.
File: Depths_V46_2_Atlas_Corrected_Core.pdf Graphic file (type pdf)
<use Depths_V46_2_Atlas_Corrected_Core.pdf, page 58>
Package pdftex.def Info: Depths_V46_2_Atlas_Corrected_Core.pdf , page58 used on
 input line 126.
(pdftex.def)             Requested size: 614.58107pt x 795.34004pt.
 [61

 <./Depths_V46_2_Atlas_Corrected_Core.pdf>]
<Depths_V46_2_Atlas_Corrected_Core.pdf, id=882, page=59, 614.29199pt x 794.9659
6pt>
File: Depths_V46_2_Atlas_Corrected_Core.pdf Graphic file (type pdf)
<use Depths_V46_2_Atlas_Corrected_Core.pdf, page 59>
Package pdftex.def Info: Depths_V46_2_Atlas_Corrected_Core.pdf , page59 used on
 input line 126.
(pdftex.def)             Requested size: 614.58107pt x 795.34004pt.
File: Depths_V46_2_Atlas_Corrected_Core.pdf Graphic file (type pdf)
<use Depths_V46_2_Atlas_Corrected_Core.pdf, page 59>
Package pdftex.def Info: Depths_V46_2_Atlas_Corrected_Core.pdf , page59 used on
 input line 126.
(pdftex.def)             Requested size: 614.58107pt x 795.34004pt.
File: Depths_V46_2_Atlas_Corrected_Core.pdf Graphic file (type pdf)
<use Depths_V46_2_Atlas_Corrected_Core.pdf, page 59>
Package pdftex.def Info: Depths_V46_2_Atlas_Corrected_Core.pdf , page59 used on
 input line 126.
(pdftex.def)             Requested size: 614.58107pt x 795.34004pt.
 [62

 <./Depths_V46_2_Atlas_Corrected_Core.pdf>]
<Depths_V46_2_Atlas_Corrected_Core.pdf, id=890, page=60, 614.29199pt x 794.9659
6pt>
File: Depths_V46_2_Atlas_Corrected_Core.pdf Graphic file (type pdf)
<use Depths_V46_2_Atlas_Corrected_Core.pdf, page 60>
Package pdftex.def Info: Depths_V46_2_Atlas_Corrected_Core.pdf , page60 used on
 input line 126.
(pdftex.def)             Requested size: 614.58107pt x 795.34004pt.
File: Depths_V46_2_Atlas_Corrected_Core.pdf Graphic file (type pdf)
<use Depths_V46_2_Atlas_Corrected_Core.pdf, page 60>
Package pdftex.def Info: Depths_V46_2_Atlas_Corrected_Core.pdf , page60 used on
 input line 126.
(pdftex.def)             Requested size: 614.58107pt x 795.34004pt.
File: Depths_V46_2_Atlas_Corrected_Core.pdf Graphic file (type pdf)
<use Depths_V46_2_Atlas_Corrected_Core.pdf, page 60>
Package pdftex.def Info: Depths_V46_2_Atlas_Corrected_Core.pdf , page60 used on
 input line 126.
(pdftex.def)             Requested size: 614.58107pt x 795.34004pt.
 [63

 <./Depths_V46_2_Atlas_Corrected_Core.pdf>]
<Depths_V46_2_Atlas_Corrected_Core.pdf, id=904, page=61, 614.29199pt x 794.9659
6pt>
File: Depths_V46_2_Atlas_Corrected_Core.pdf Graphic file (type pdf)
<use Depths_V46_2_Atlas_Corrected_Core.pdf, page 61>
Package pdftex.def Info: Depths_V46_2_Atlas_Corrected_Core.pdf , page61 used on
 input line 126.
(pdftex.def)             Requested size: 614.58107pt x 795.34004pt.
File: Depths_V46_2_Atlas_Corrected_Core.pdf Graphic file (type pdf)
<use Depths_V46_2_Atlas_Corrected_Core.pdf, page 61>
Package pdftex.def Info: Depths_V46_2_Atlas_Corrected_Core.pdf , page61 used on
 input line 126.
(pdftex.def)             Requested size: 614.58107pt x 795.34004pt.
File: Depths_V46_2_Atlas_Corrected_Core.pdf Graphic file (type pdf)
<use Depths_V46_2_Atlas_Corrected_Core.pdf, page 61>
Package pdftex.def Info: Depths_V46_2_Atlas_Corrected_Core.pdf , page61 used on
 input line 126.
(pdftex.def)             Requested size: 614.58107pt x 795.34004pt.
 [64

 <./Depths_V46_2_Atlas_Corrected_Core.pdf>]
<Depths_V46_2_Atlas_Corrected_Core.pdf, id=911, page=62, 614.29199pt x 794.9659
6pt>
File: Depths_V46_2_Atlas_Corrected_Core.pdf Graphic file (type pdf)
<use Depths_V46_2_Atlas_Corrected_Core.pdf, page 62>
Package pdftex.def Info: Depths_V46_2_Atlas_Corrected_Core.pdf , page62 used on
 input line 126.
(pdftex.def)             Requested size: 614.58107pt x 795.34004pt.
File: Depths_V46_2_Atlas_Corrected_Core.pdf Graphic file (type pdf)
<use Depths_V46_2_Atlas_Corrected_Core.pdf, page 62>
Package pdftex.def Info: Depths_V46_2_Atlas_Corrected_Core.pdf , page62 used on
 input line 126.
(pdftex.def)             Requested size: 614.58107pt x 795.34004pt.
File: Depths_V46_2_Atlas_Corrected_Core.pdf Graphic file (type pdf)
<use Depths_V46_2_Atlas_Corrected_Core.pdf, page 62>
Package pdftex.def Info: Depths_V46_2_Atlas_Corrected_Core.pdf , page62 used on
 input line 126.
(pdftex.def)             Requested size: 614.58107pt x 795.34004pt.

[65

 <./Depths_V46_2_Atlas_Corrected_Core.pdf>]
<Depths_V46_2_Atlas_Corrected_Core.pdf, id=917, page=63, 614.29199pt x 794.9659
6pt>
File: Depths_V46_2_Atlas_Corrected_Core.pdf Graphic file (type pdf)
<use Depths_V46_2_Atlas_Corrected_Core.pdf, page 63>
Package pdftex.def Info: Depths_V46_2_Atlas_Corrected_Core.pdf , page63 used on
 input line 126.
(pdftex.def)             Requested size: 614.58107pt x 795.34004pt.
File: Depths_V46_2_Atlas_Corrected_Core.pdf Graphic file (type pdf)
<use Depths_V46_2_Atlas_Corrected_Core.pdf, page 63>
Package pdftex.def Info: Depths_V46_2_Atlas_Corrected_Core.pdf , page63 used on
 input line 126.
(pdftex.def)             Requested size: 614.58107pt x 795.34004pt.
File: Depths_V46_2_Atlas_Corrected_Core.pdf Graphic file (type pdf)
<use Depths_V46_2_Atlas_Corrected_Core.pdf, page 63>
Package pdftex.def Info: Depths_V46_2_Atlas_Corrected_Core.pdf , page63 used on
 input line 126.
(pdftex.def)             Requested size: 614.58107pt x 795.34004pt.
 [66

 <./Depths_V46_2_Atlas_Corrected_Core.pdf>]
<Depths_V46_2_Atlas_Corrected_Core.pdf, id=932, page=64, 614.29199pt x 794.9659
6pt>
File: Depths_V46_2_Atlas_Corrected_Core.pdf Graphic file (type pdf)
<use Depths_V46_2_Atlas_Corrected_Core.pdf, page 64>
Package pdftex.def Info: Depths_V46_2_Atlas_Corrected_Core.pdf , page64 used on
 input line 126.
(pdftex.def)             Requested size: 614.58107pt x 795.34004pt.
File: Depths_V46_2_Atlas_Corrected_Core.pdf Graphic file (type pdf)
<use Depths_V46_2_Atlas_Corrected_Core.pdf, page 64>
Package pdftex.def Info: Depths_V46_2_Atlas_Corrected_Core.pdf , page64 used on
 input line 126.
(pdftex.def)             Requested size: 614.58107pt x 795.34004pt.
File: Depths_V46_2_Atlas_Corrected_Core.pdf Graphic file (type pdf)
<use Depths_V46_2_Atlas_Corrected_Core.pdf, page 64>
Package pdftex.def Info: Depths_V46_2_Atlas_Corrected_Core.pdf , page64 used on
 input line 126.
(pdftex.def)             Requested size: 614.58107pt x 795.34004pt.
 [67

 <./Depths_V46_2_Atlas_Corrected_Core.pdf>]
<Depths_V46_2_Atlas_Corrected_Core.pdf, id=939, page=65, 614.29199pt x 794.9659
6pt>
File: Depths_V46_2_Atlas_Corrected_Core.pdf Graphic file (type pdf)
<use Depths_V46_2_Atlas_Corrected_Core.pdf, page 65>
Package pdftex.def Info: Depths_V46_2_Atlas_Corrected_Core.pdf , page65 used on
 input line 126.
(pdftex.def)             Requested size: 614.58107pt x 795.34004pt.
File: Depths_V46_2_Atlas_Corrected_Core.pdf Graphic file (type pdf)
<use Depths_V46_2_Atlas_Corrected_Core.pdf, page 65>
Package pdftex.def Info: Depths_V46_2_Atlas_Corrected_Core.pdf , page65 used on
 input line 126.
(pdftex.def)             Requested size: 614.58107pt x 795.34004pt.
File: Depths_V46_2_Atlas_Corrected_Core.pdf Graphic file (type pdf)
<use Depths_V46_2_Atlas_Corrected_Core.pdf, page 65>
Package pdftex.def Info: Depths_V46_2_Atlas_Corrected_Core.pdf , page65 used on
 input line 126.
(pdftex.def)             Requested size: 614.58107pt x 795.34004pt.
 [68

 <./Depths_V46_2_Atlas_Corrected_Core.pdf>]
<Depths_V46_2_Atlas_Corrected_Core.pdf, id=945, page=66, 614.29199pt x 794.9659
6pt>
File: Depths_V46_2_Atlas_Corrected_Core.pdf Graphic file (type pdf)
<use Depths_V46_2_Atlas_Corrected_Core.pdf, page 66>
Package pdftex.def Info: Depths_V46_2_Atlas_Corrected_Core.pdf , page66 used on
 input line 126.
(pdftex.def)             Requested size: 614.58107pt x 795.34004pt.
File: Depths_V46_2_Atlas_Corrected_Core.pdf Graphic file (type pdf)
<use Depths_V46_2_Atlas_Corrected_Core.pdf, page 66>
Package pdftex.def Info: Depths_V46_2_Atlas_Corrected_Core.pdf , page66 used on
 input line 126.
(pdftex.def)             Requested size: 614.58107pt x 795.34004pt.
File: Depths_V46_2_Atlas_Corrected_Core.pdf Graphic file (type pdf)
<use Depths_V46_2_Atlas_Corrected_Core.pdf, page 66>
Package pdftex.def Info: Depths_V46_2_Atlas_Corrected_Core.pdf , page66 used on
 input line 126.
(pdftex.def)             Requested size: 614.58107pt x 795.34004pt.
 [69

 <./Depths_V46_2_Atlas_Corrected_Core.pdf>]
<Depths_V46_2_Atlas_Corrected_Core.pdf, id=962, page=67, 614.29199pt x 794.9659
6pt>
File: Depths_V46_2_Atlas_Corrected_Core.pdf Graphic file (type pdf)
<use Depths_V46_2_Atlas_Corrected_Core.pdf, page 67>
Package pdftex.def Info: Depths_V46_2_Atlas_Corrected_Core.pdf , page67 used on
 input line 126.
(pdftex.def)             Requested size: 614.58107pt x 795.34004pt.
File: Depths_V46_2_Atlas_Corrected_Core.pdf Graphic file (type pdf)
<use Depths_V46_2_Atlas_Corrected_Core.pdf, page 67>
Package pdftex.def Info: Depths_V46_2_Atlas_Corrected_Core.pdf , page67 used on
 input line 126.
(pdftex.def)             Requested size: 614.58107pt x 795.34004pt.
File: Depths_V46_2_Atlas_Corrected_Core.pdf Graphic file (type pdf)
<use Depths_V46_2_Atlas_Corrected_Core.pdf, page 67>
Package pdftex.def Info: Depths_V46_2_Atlas_Corrected_Core.pdf , page67 used on
 input line 126.
(pdftex.def)             Requested size: 614.58107pt x 795.34004pt.

[70

 <./Depths_V46_2_Atlas_Corrected_Core.pdf>]
<Depths_V46_2_Atlas_Corrected_Core.pdf, id=974, page=68, 614.29199pt x 794.9659
6pt>
File: Depths_V46_2_Atlas_Corrected_Core.pdf Graphic file (type pdf)
<use Depths_V46_2_Atlas_Corrected_Core.pdf, page 68>
Package pdftex.def Info: Depths_V46_2_Atlas_Corrected_Core.pdf , page68 used on
 input line 126.
(pdftex.def)             Requested size: 614.58107pt x 795.34004pt.
File: Depths_V46_2_Atlas_Corrected_Core.pdf Graphic file (type pdf)
<use Depths_V46_2_Atlas_Corrected_Core.pdf, page 68>
Package pdftex.def Info: Depths_V46_2_Atlas_Corrected_Core.pdf , page68 used on
 input line 126.
(pdftex.def)             Requested size: 614.58107pt x 795.34004pt.
File: Depths_V46_2_Atlas_Corrected_Core.pdf Graphic file (type pdf)
<use Depths_V46_2_Atlas_Corrected_Core.pdf, page 68>
Package pdftex.def Info: Depths_V46_2_Atlas_Corrected_Core.pdf , page68 used on
 input line 126.
(pdftex.def)             Requested size: 614.58107pt x 795.34004pt.
 [71

 <./Depths_V46_2_Atlas_Corrected_Core.pdf>]
<Depths_V46_2_Atlas_Corrected_Core.pdf, id=986, page=69, 614.29199pt x 794.9659
6pt>
File: Depths_V46_2_Atlas_Corrected_Core.pdf Graphic file (type pdf)
<use Depths_V46_2_Atlas_Corrected_Core.pdf, page 69>
Package pdftex.def Info: Depths_V46_2_Atlas_Corrected_Core.pdf , page69 used on
 input line 126.
(pdftex.def)             Requested size: 614.58107pt x 795.34004pt.
File: Depths_V46_2_Atlas_Corrected_Core.pdf Graphic file (type pdf)
<use Depths_V46_2_Atlas_Corrected_Core.pdf, page 69>
Package pdftex.def Info: Depths_V46_2_Atlas_Corrected_Core.pdf , page69 used on
 input line 126.
(pdftex.def)             Requested size: 614.58107pt x 795.34004pt.
File: Depths_V46_2_Atlas_Corrected_Core.pdf Graphic file (type pdf)
<use Depths_V46_2_Atlas_Corrected_Core.pdf, page 69>
Package pdftex.def Info: Depths_V46_2_Atlas_Corrected_Core.pdf , page69 used on
 input line 126.
(pdftex.def)             Requested size: 614.58107pt x 795.34004pt.
 [72

 <./Depths_V46_2_Atlas_Corrected_Core.pdf>]
<Depths_V46_2_Atlas_Corrected_Core.pdf, id=994, page=70, 614.29199pt x 794.9659
6pt>
File: Depths_V46_2_Atlas_Corrected_Core.pdf Graphic file (type pdf)
<use Depths_V46_2_Atlas_Corrected_Core.pdf, page 70>
Package pdftex.def Info: Depths_V46_2_Atlas_Corrected_Core.pdf , page70 used on
 input line 126.
(pdftex.def)             Requested size: 614.58107pt x 795.34004pt.
File: Depths_V46_2_Atlas_Corrected_Core.pdf Graphic file (type pdf)
<use Depths_V46_2_Atlas_Corrected_Core.pdf, page 70>
Package pdftex.def Info: Depths_V46_2_Atlas_Corrected_Core.pdf , page70 used on
 input line 126.
(pdftex.def)             Requested size: 614.58107pt x 795.34004pt.
File: Depths_V46_2_Atlas_Corrected_Core.pdf Graphic file (type pdf)
<use Depths_V46_2_Atlas_Corrected_Core.pdf, page 70>
Package pdftex.def Info: Depths_V46_2_Atlas_Corrected_Core.pdf , page70 used on
 input line 126.
(pdftex.def)             Requested size: 614.58107pt x 795.34004pt.
 [73

 <./Depths_V46_2_Atlas_Corrected_Core.pdf>]
<Depths_V46_2_Atlas_Corrected_Core.pdf, id=1001, page=71, 614.29199pt x 794.965
96pt>
File: Depths_V46_2_Atlas_Corrected_Core.pdf Graphic file (type pdf)
<use Depths_V46_2_Atlas_Corrected_Core.pdf, page 71>
Package pdftex.def Info: Depths_V46_2_Atlas_Corrected_Core.pdf , page71 used on
 input line 126.
(pdftex.def)             Requested size: 614.58107pt x 795.34004pt.
File: Depths_V46_2_Atlas_Corrected_Core.pdf Graphic file (type pdf)
<use Depths_V46_2_Atlas_Corrected_Core.pdf, page 71>
Package pdftex.def Info: Depths_V46_2_Atlas_Corrected_Core.pdf , page71 used on
 input line 126.
(pdftex.def)             Requested size: 614.58107pt x 795.34004pt.
File: Depths_V46_2_Atlas_Corrected_Core.pdf Graphic file (type pdf)
<use Depths_V46_2_Atlas_Corrected_Core.pdf, page 71>
Package pdftex.def Info: Depths_V46_2_Atlas_Corrected_Core.pdf , page71 used on
 input line 126.
(pdftex.def)             Requested size: 614.58107pt x 795.34004pt.
 [74

 <./Depths_V46_2_Atlas_Corrected_Core.pdf>]
<Depths_V46_2_Atlas_Corrected_Core.pdf, id=1007, page=72, 614.29199pt x 794.965
96pt>
File: Depths_V46_2_Atlas_Corrected_Core.pdf Graphic file (type pdf)
<use Depths_V46_2_Atlas_Corrected_Core.pdf, page 72>
Package pdftex.def Info: Depths_V46_2_Atlas_Corrected_Core.pdf , page72 used on
 input line 126.
(pdftex.def)             Requested size: 614.58107pt x 795.34004pt.
File: Depths_V46_2_Atlas_Corrected_Core.pdf Graphic file (type pdf)
<use Depths_V46_2_Atlas_Corrected_Core.pdf, page 72>
Package pdftex.def Info: Depths_V46_2_Atlas_Corrected_Core.pdf , page72 used on
 input line 126.
(pdftex.def)             Requested size: 614.58107pt x 795.34004pt.
File: Depths_V46_2_Atlas_Corrected_Core.pdf Graphic file (type pdf)
<use Depths_V46_2_Atlas_Corrected_Core.pdf, page 72>
Package pdftex.def Info: Depths_V46_2_Atlas_Corrected_Core.pdf , page72 used on
 input line 126.
(pdftex.def)             Requested size: 614.58107pt x 795.34004pt.

[75

 <./Depths_V46_2_Atlas_Corrected_Core.pdf>]
<Depths_V46_2_Atlas_Corrected_Core.pdf, id=1022, page=73, 614.29199pt x 794.965
96pt>
File: Depths_V46_2_Atlas_Corrected_Core.pdf Graphic file (type pdf)
<use Depths_V46_2_Atlas_Corrected_Core.pdf, page 73>
Package pdftex.def Info: Depths_V46_2_Atlas_Corrected_Core.pdf , page73 used on
 input line 126.
(pdftex.def)             Requested size: 614.58107pt x 795.34004pt.
File: Depths_V46_2_Atlas_Corrected_Core.pdf Graphic file (type pdf)
<use Depths_V46_2_Atlas_Corrected_Core.pdf, page 73>
Package pdftex.def Info: Depths_V46_2_Atlas_Corrected_Core.pdf , page73 used on
 input line 126.
(pdftex.def)             Requested size: 614.58107pt x 795.34004pt.
File: Depths_V46_2_Atlas_Corrected_Core.pdf Graphic file (type pdf)
<use Depths_V46_2_Atlas_Corrected_Core.pdf, page 73>
Package pdftex.def Info: Depths_V46_2_Atlas_Corrected_Core.pdf , page73 used on
 input line 126.
(pdftex.def)             Requested size: 614.58107pt x 795.34004pt.
 [76

 <./Depths_V46_2_Atlas_Corrected_Core.pdf>]
<Depths_V46_2_Atlas_Corrected_Core.pdf, id=1028, page=74, 614.29199pt x 794.965
96pt>
File: Depths_V46_2_Atlas_Corrected_Core.pdf Graphic file (type pdf)
<use Depths_V46_2_Atlas_Corrected_Core.pdf, page 74>
Package pdftex.def Info: Depths_V46_2_Atlas_Corrected_Core.pdf , page74 used on
 input line 126.
(pdftex.def)             Requested size: 614.58107pt x 795.34004pt.
File: Depths_V46_2_Atlas_Corrected_Core.pdf Graphic file (type pdf)
<use Depths_V46_2_Atlas_Corrected_Core.pdf, page 74>
Package pdftex.def Info: Depths_V46_2_Atlas_Corrected_Core.pdf , page74 used on
 input line 126.
(pdftex.def)             Requested size: 614.58107pt x 795.34004pt.
File: Depths_V46_2_Atlas_Corrected_Core.pdf Graphic file (type pdf)
<use Depths_V46_2_Atlas_Corrected_Core.pdf, page 74>
Package pdftex.def Info: Depths_V46_2_Atlas_Corrected_Core.pdf , page74 used on
 input line 126.
(pdftex.def)             Requested size: 614.58107pt x 795.34004pt.
 [77

 <./Depths_V46_2_Atlas_Corrected_Core.pdf>]
<Depths_V46_2_Atlas_Corrected_Core.pdf, id=1034, page=75, 614.29199pt x 794.965
96pt>
File: Depths_V46_2_Atlas_Corrected_Core.pdf Graphic file (type pdf)
<use Depths_V46_2_Atlas_Corrected_Core.pdf, page 75>
Package pdftex.def Info: Depths_V46_2_Atlas_Corrected_Core.pdf , page75 used on
 input line 126.
(pdftex.def)             Requested size: 614.58107pt x 795.34004pt.
File: Depths_V46_2_Atlas_Corrected_Core.pdf Graphic file (type pdf)
<use Depths_V46_2_Atlas_Corrected_Core.pdf, page 75>
Package pdftex.def Info: Depths_V46_2_Atlas_Corrected_Core.pdf , page75 used on
 input line 126.
(pdftex.def)             Requested size: 614.58107pt x 795.34004pt.
File: Depths_V46_2_Atlas_Corrected_Core.pdf Graphic file (type pdf)
<use Depths_V46_2_Atlas_Corrected_Core.pdf, page 75>
Package pdftex.def Info: Depths_V46_2_Atlas_Corrected_Core.pdf , page75 used on
 input line 126.
(pdftex.def)             Requested size: 614.58107pt x 795.34004pt.
 [78

 <./Depths_V46_2_Atlas_Corrected_Core.pdf>]
<Depths_V46_2_Atlas_Corrected_Core.pdf, id=1048, page=76, 614.29199pt x 794.965
96pt>
File: Depths_V46_2_Atlas_Corrected_Core.pdf Graphic file (type pdf)
<use Depths_V46_2_Atlas_Corrected_Core.pdf, page 76>
Package pdftex.def Info: Depths_V46_2_Atlas_Corrected_Core.pdf , page76 used on
 input line 126.
(pdftex.def)             Requested size: 614.58107pt x 795.34004pt.
File: Depths_V46_2_Atlas_Corrected_Core.pdf Graphic file (type pdf)
<use Depths_V46_2_Atlas_Corrected_Core.pdf, page 76>
Package pdftex.def Info: Depths_V46_2_Atlas_Corrected_Core.pdf , page76 used on
 input line 126.
(pdftex.def)             Requested size: 614.58107pt x 795.34004pt.
File: Depths_V46_2_Atlas_Corrected_Core.pdf Graphic file (type pdf)
<use Depths_V46_2_Atlas_Corrected_Core.pdf, page 76>
Package pdftex.def Info: Depths_V46_2_Atlas_Corrected_Core.pdf , page76 used on
 input line 126.
(pdftex.def)             Requested size: 614.58107pt x 795.34004pt.
 [79

 <./Depths_V46_2_Atlas_Corrected_Core.pdf>]
<Depths_V46_2_Atlas_Corrected_Core.pdf, id=1054, page=77, 614.29199pt x 794.965
96pt>
File: Depths_V46_2_Atlas_Corrected_Core.pdf Graphic file (type pdf)
<use Depths_V46_2_Atlas_Corrected_Core.pdf, page 77>
Package pdftex.def Info: Depths_V46_2_Atlas_Corrected_Core.pdf , page77 used on
 input line 126.
(pdftex.def)             Requested size: 614.58107pt x 795.34004pt.
File: Depths_V46_2_Atlas_Corrected_Core.pdf Graphic file (type pdf)
<use Depths_V46_2_Atlas_Corrected_Core.pdf, page 77>
Package pdftex.def Info: Depths_V46_2_Atlas_Corrected_Core.pdf , page77 used on
 input line 126.
(pdftex.def)             Requested size: 614.58107pt x 795.34004pt.
File: Depths_V46_2_Atlas_Corrected_Core.pdf Graphic file (type pdf)
<use Depths_V46_2_Atlas_Corrected_Core.pdf, page 77>
Package pdftex.def Info: Depths_V46_2_Atlas_Corrected_Core.pdf , page77 used on
 input line 126.
(pdftex.def)             Requested size: 614.58107pt x 795.34004pt.

[80

 <./Depths_V46_2_Atlas_Corrected_Core.pdf>]
<Depths_V46_2_Atlas_Corrected_Core.pdf, id=1060, page=78, 614.29199pt x 794.965
96pt>
File: Depths_V46_2_Atlas_Corrected_Core.pdf Graphic file (type pdf)
<use Depths_V46_2_Atlas_Corrected_Core.pdf, page 78>
Package pdftex.def Info: Depths_V46_2_Atlas_Corrected_Core.pdf , page78 used on
 input line 126.
(pdftex.def)             Requested size: 614.58107pt x 795.34004pt.
File: Depths_V46_2_Atlas_Corrected_Core.pdf Graphic file (type pdf)
<use Depths_V46_2_Atlas_Corrected_Core.pdf, page 78>
Package pdftex.def Info: Depths_V46_2_Atlas_Corrected_Core.pdf , page78 used on
 input line 126.
(pdftex.def)             Requested size: 614.58107pt x 795.34004pt.
File: Depths_V46_2_Atlas_Corrected_Core.pdf Graphic file (type pdf)
<use Depths_V46_2_Atlas_Corrected_Core.pdf, page 78>
Package pdftex.def Info: Depths_V46_2_Atlas_Corrected_Core.pdf , page78 used on
 input line 126.
(pdftex.def)             Requested size: 614.58107pt x 795.34004pt.
 [81

 <./Depths_V46_2_Atlas_Corrected_Core.pdf>]
<Depths_V46_2_Atlas_Corrected_Core.pdf, id=1067, page=79, 614.29199pt x 794.965
96pt>
File: Depths_V46_2_Atlas_Corrected_Core.pdf Graphic file (type pdf)
<use Depths_V46_2_Atlas_Corrected_Core.pdf, page 79>
Package pdftex.def Info: Depths_V46_2_Atlas_Corrected_Core.pdf , page79 used on
 input line 126.
(pdftex.def)             Requested size: 614.58107pt x 795.34004pt.
File: Depths_V46_2_Atlas_Corrected_Core.pdf Graphic file (type pdf)
<use Depths_V46_2_Atlas_Corrected_Core.pdf, page 79>
Package pdftex.def Info: Depths_V46_2_Atlas_Corrected_Core.pdf , page79 used on
 input line 126.
(pdftex.def)             Requested size: 614.58107pt x 795.34004pt.
File: Depths_V46_2_Atlas_Corrected_Core.pdf Graphic file (type pdf)
<use Depths_V46_2_Atlas_Corrected_Core.pdf, page 79>
Package pdftex.def Info: Depths_V46_2_Atlas_Corrected_Core.pdf , page79 used on
 input line 126.
(pdftex.def)             Requested size: 614.58107pt x 795.34004pt.
 [82

 <./Depths_V46_2_Atlas_Corrected_Core.pdf>]
<Depths_V46_2_Atlas_Corrected_Core.pdf, id=1074, page=80, 614.29199pt x 794.965
96pt>
File: Depths_V46_2_Atlas_Corrected_Core.pdf Graphic file (type pdf)
<use Depths_V46_2_Atlas_Corrected_Core.pdf, page 80>
Package pdftex.def Info: Depths_V46_2_Atlas_Corrected_Core.pdf , page80 used on
 input line 126.
(pdftex.def)             Requested size: 614.58107pt x 795.34004pt.
File: Depths_V46_2_Atlas_Corrected_Core.pdf Graphic file (type pdf)
<use Depths_V46_2_Atlas_Corrected_Core.pdf, page 80>
Package pdftex.def Info: Depths_V46_2_Atlas_Corrected_Core.pdf , page80 used on
 input line 126.
(pdftex.def)             Requested size: 614.58107pt x 795.34004pt.
File: Depths_V46_2_Atlas_Corrected_Core.pdf Graphic file (type pdf)
<use Depths_V46_2_Atlas_Corrected_Core.pdf, page 80>
Package pdftex.def Info: Depths_V46_2_Atlas_Corrected_Core.pdf , page80 used on
 input line 126.
(pdftex.def)             Requested size: 614.58107pt x 795.34004pt.
 [83

 <./Depths_V46_2_Atlas_Corrected_Core.pdf>]
<Depths_V46_2_Atlas_Corrected_Core.pdf, id=1082, page=81, 614.295pt x 794.97pt>

File: Depths_V46_2_Atlas_Corrected_Core.pdf Graphic file (type pdf)
<use Depths_V46_2_Atlas_Corrected_Core.pdf, page 81>
Package pdftex.def Info: Depths_V46_2_Atlas_Corrected_Core.pdf , page81 used on
 input line 126.
(pdftex.def)             Requested size: 614.58406pt x 795.3441pt.
File: Depths_V46_2_Atlas_Corrected_Core.pdf Graphic file (type pdf)
<use Depths_V46_2_Atlas_Corrected_Core.pdf, page 81>
Package pdftex.def Info: Depths_V46_2_Atlas_Corrected_Core.pdf , page81 used on
 input line 126.
(pdftex.def)             Requested size: 614.58406pt x 795.3441pt.
File: Depths_V46_2_Atlas_Corrected_Core.pdf Graphic file (type pdf)
<use Depths_V46_2_Atlas_Corrected_Core.pdf, page 81>
Package pdftex.def Info: Depths_V46_2_Atlas_Corrected_Core.pdf , page81 used on
 input line 126.
(pdftex.def)             Requested size: 614.58406pt x 795.3441pt.
 [84

 <./Depths_V46_2_Atlas_Corrected_Core.pdf>]
<Depths_V46_2_Atlas_Corrected_Core.pdf, id=1088, page=82, 614.29199pt x 794.965
96pt>
File: Depths_V46_2_Atlas_Corrected_Core.pdf Graphic file (type pdf)
<use Depths_V46_2_Atlas_Corrected_Core.pdf, page 82>
Package pdftex.def Info: Depths_V46_2_Atlas_Corrected_Core.pdf , page82 used on
 input line 126.
(pdftex.def)             Requested size: 614.58107pt x 795.34004pt.
File: Depths_V46_2_Atlas_Corrected_Core.pdf Graphic file (type pdf)
<use Depths_V46_2_Atlas_Corrected_Core.pdf, page 82>
Package pdftex.def Info: Depths_V46_2_Atlas_Corrected_Core.pdf , page82 used on
 input line 126.
(pdftex.def)             Requested size: 614.58107pt x 795.34004pt.
File: Depths_V46_2_Atlas_Corrected_Core.pdf Graphic file (type pdf)
<use Depths_V46_2_Atlas_Corrected_Core.pdf, page 82>
Package pdftex.def Info: Depths_V46_2_Atlas_Corrected_Core.pdf , page82 used on
 input line 126.
(pdftex.def)             Requested size: 614.58107pt x 795.34004pt.

[85

 <./Depths_V46_2_Atlas_Corrected_Core.pdf>]
<Depths_V46_2_Atlas_Corrected_Core.pdf, id=1095, page=83, 614.29199pt x 794.965
96pt>
File: Depths_V46_2_Atlas_Corrected_Core.pdf Graphic file (type pdf)
<use Depths_V46_2_Atlas_Corrected_Core.pdf, page 83>
Package pdftex.def Info: Depths_V46_2_Atlas_Corrected_Core.pdf , page83 used on
 input line 126.
(pdftex.def)             Requested size: 614.58107pt x 795.34004pt.
File: Depths_V46_2_Atlas_Corrected_Core.pdf Graphic file (type pdf)
<use Depths_V46_2_Atlas_Corrected_Core.pdf, page 83>
Package pdftex.def Info: Depths_V46_2_Atlas_Corrected_Core.pdf , page83 used on
 input line 126.
(pdftex.def)             Requested size: 614.58107pt x 795.34004pt.
File: Depths_V46_2_Atlas_Corrected_Core.pdf Graphic file (type pdf)
<use Depths_V46_2_Atlas_Corrected_Core.pdf, page 83>
Package pdftex.def Info: Depths_V46_2_Atlas_Corrected_Core.pdf , page83 used on
 input line 126.
(pdftex.def)             Requested size: 614.58107pt x 795.34004pt.
 [86

 <./Depths_V46_2_Atlas_Corrected_Core.pdf>]
<Depths_V46_2_Atlas_Corrected_Core.pdf, id=1102, page=84, 614.29199pt x 794.965
96pt>
File: Depths_V46_2_Atlas_Corrected_Core.pdf Graphic file (type pdf)
<use Depths_V46_2_Atlas_Corrected_Core.pdf, page 84>
Package pdftex.def Info: Depths_V46_2_Atlas_Corrected_Core.pdf , page84 used on
 input line 126.
(pdftex.def)             Requested size: 614.58107pt x 795.34004pt.
File: Depths_V46_2_Atlas_Corrected_Core.pdf Graphic file (type pdf)
<use Depths_V46_2_Atlas_Corrected_Core.pdf, page 84>
Package pdftex.def Info: Depths_V46_2_Atlas_Corrected_Core.pdf , page84 used on
 input line 126.
(pdftex.def)             Requested size: 614.58107pt x 795.34004pt.
File: Depths_V46_2_Atlas_Corrected_Core.pdf Graphic file (type pdf)
<use Depths_V46_2_Atlas_Corrected_Core.pdf, page 84>
Package pdftex.def Info: Depths_V46_2_Atlas_Corrected_Core.pdf , page84 used on
 input line 126.
(pdftex.def)             Requested size: 614.58107pt x 795.34004pt.
 [87

 <./Depths_V46_2_Atlas_Corrected_Core.pdf>]
<Depths_V46_2_Atlas_Corrected_Core.pdf, id=1109, page=85, 614.29199pt x 794.965
96pt>
File: Depths_V46_2_Atlas_Corrected_Core.pdf Graphic file (type pdf)
<use Depths_V46_2_Atlas_Corrected_Core.pdf, page 85>
Package pdftex.def Info: Depths_V46_2_Atlas_Corrected_Core.pdf , page85 used on
 input line 126.
(pdftex.def)             Requested size: 614.58107pt x 795.34004pt.
File: Depths_V46_2_Atlas_Corrected_Core.pdf Graphic file (type pdf)
<use Depths_V46_2_Atlas_Corrected_Core.pdf, page 85>
Package pdftex.def Info: Depths_V46_2_Atlas_Corrected_Core.pdf , page85 used on
 input line 126.
(pdftex.def)             Requested size: 614.58107pt x 795.34004pt.
File: Depths_V46_2_Atlas_Corrected_Core.pdf Graphic file (type pdf)
<use Depths_V46_2_Atlas_Corrected_Core.pdf, page 85>
Package pdftex.def Info: Depths_V46_2_Atlas_Corrected_Core.pdf , page85 used on
 input line 126.
(pdftex.def)             Requested size: 614.58107pt x 795.34004pt.
 [88

 <./Depths_V46_2_Atlas_Corrected_Core.pdf>]
<Depths_V46_2_Atlas_Corrected_Core.pdf, id=1116, page=86, 614.29199pt x 794.965
96pt>
File: Depths_V46_2_Atlas_Corrected_Core.pdf Graphic file (type pdf)
<use Depths_V46_2_Atlas_Corrected_Core.pdf, page 86>
Package pdftex.def Info: Depths_V46_2_Atlas_Corrected_Core.pdf , page86 used on
 input line 126.
(pdftex.def)             Requested size: 614.58107pt x 795.34004pt.
File: Depths_V46_2_Atlas_Corrected_Core.pdf Graphic file (type pdf)
<use Depths_V46_2_Atlas_Corrected_Core.pdf, page 86>
Package pdftex.def Info: Depths_V46_2_Atlas_Corrected_Core.pdf , page86 used on
 input line 126.
(pdftex.def)             Requested size: 614.58107pt x 795.34004pt.
File: Depths_V46_2_Atlas_Corrected_Core.pdf Graphic file (type pdf)
<use Depths_V46_2_Atlas_Corrected_Core.pdf, page 86>
Package pdftex.def Info: Depths_V46_2_Atlas_Corrected_Core.pdf , page86 used on
 input line 126.
(pdftex.def)             Requested size: 614.58107pt x 795.34004pt.
 [89

 <./Depths_V46_2_Atlas_Corrected_Core.pdf>]
<Depths_V46_2_Atlas_Corrected_Core.pdf, id=1122, page=87, 614.29199pt x 794.965
96pt>
File: Depths_V46_2_Atlas_Corrected_Core.pdf Graphic file (type pdf)
<use Depths_V46_2_Atlas_Corrected_Core.pdf, page 87>
Package pdftex.def Info: Depths_V46_2_Atlas_Corrected_Core.pdf , page87 used on
 input line 126.
(pdftex.def)             Requested size: 614.58107pt x 795.34004pt.
File: Depths_V46_2_Atlas_Corrected_Core.pdf Graphic file (type pdf)
<use Depths_V46_2_Atlas_Corrected_Core.pdf, page 87>
Package pdftex.def Info: Depths_V46_2_Atlas_Corrected_Core.pdf , page87 used on
 input line 126.
(pdftex.def)             Requested size: 614.58107pt x 795.34004pt.
File: Depths_V46_2_Atlas_Corrected_Core.pdf Graphic file (type pdf)
<use Depths_V46_2_Atlas_Corrected_Core.pdf, page 87>
Package pdftex.def Info: Depths_V46_2_Atlas_Corrected_Core.pdf , page87 used on
 input line 126.
(pdftex.def)             Requested size: 614.58107pt x 795.34004pt.

[90

 <./Depths_V46_2_Atlas_Corrected_Core.pdf>]
<Depths_V46_2_Atlas_Corrected_Core.pdf, id=1130, page=88, 614.29199pt x 794.965
96pt>
File: Depths_V46_2_Atlas_Corrected_Core.pdf Graphic file (type pdf)
<use Depths_V46_2_Atlas_Corrected_Core.pdf, page 88>
Package pdftex.def Info: Depths_V46_2_Atlas_Corrected_Core.pdf , page88 used on
 input line 126.
(pdftex.def)             Requested size: 614.58107pt x 795.34004pt.
File: Depths_V46_2_Atlas_Corrected_Core.pdf Graphic file (type pdf)
<use Depths_V46_2_Atlas_Corrected_Core.pdf, page 88>
Package pdftex.def Info: Depths_V46_2_Atlas_Corrected_Core.pdf , page88 used on
 input line 126.
(pdftex.def)             Requested size: 614.58107pt x 795.34004pt.
File: Depths_V46_2_Atlas_Corrected_Core.pdf Graphic file (type pdf)
<use Depths_V46_2_Atlas_Corrected_Core.pdf, page 88>
Package pdftex.def Info: Depths_V46_2_Atlas_Corrected_Core.pdf , page88 used on
 input line 126.
(pdftex.def)             Requested size: 614.58107pt x 795.34004pt.
 [91

 <./Depths_V46_2_Atlas_Corrected_Core.pdf>]
<Depths_V46_2_Atlas_Corrected_Core.pdf, id=1136, page=89, 614.29199pt x 794.965
96pt>
File: Depths_V46_2_Atlas_Corrected_Core.pdf Graphic file (type pdf)
<use Depths_V46_2_Atlas_Corrected_Core.pdf, page 89>
Package pdftex.def Info: Depths_V46_2_Atlas_Corrected_Core.pdf , page89 used on
 input line 126.
(pdftex.def)             Requested size: 614.58107pt x 795.34004pt.
File: Depths_V46_2_Atlas_Corrected_Core.pdf Graphic file (type pdf)
<use Depths_V46_2_Atlas_Corrected_Core.pdf, page 89>
Package pdftex.def Info: Depths_V46_2_Atlas_Corrected_Core.pdf , page89 used on
 input line 126.
(pdftex.def)             Requested size: 614.58107pt x 795.34004pt.
File: Depths_V46_2_Atlas_Corrected_Core.pdf Graphic file (type pdf)
<use Depths_V46_2_Atlas_Corrected_Core.pdf, page 89>
Package pdftex.def Info: Depths_V46_2_Atlas_Corrected_Core.pdf , page89 used on
 input line 126.
(pdftex.def)             Requested size: 614.58107pt x 795.34004pt.
 [92

 <./Depths_V46_2_Atlas_Corrected_Core.pdf>]
<Depths_V46_2_Atlas_Corrected_Core.pdf, id=1143, page=90, 614.29199pt x 794.965
96pt>
File: Depths_V46_2_Atlas_Corrected_Core.pdf Graphic file (type pdf)
<use Depths_V46_2_Atlas_Corrected_Core.pdf, page 90>
Package pdftex.def Info: Depths_V46_2_Atlas_Corrected_Core.pdf , page90 used on
 input line 126.
(pdftex.def)             Requested size: 614.58107pt x 795.34004pt.
File: Depths_V46_2_Atlas_Corrected_Core.pdf Graphic file (type pdf)
<use Depths_V46_2_Atlas_Corrected_Core.pdf, page 90>
Package pdftex.def Info: Depths_V46_2_Atlas_Corrected_Core.pdf , page90 used on
 input line 126.
(pdftex.def)             Requested size: 614.58107pt x 795.34004pt.
File: Depths_V46_2_Atlas_Corrected_Core.pdf Graphic file (type pdf)
<use Depths_V46_2_Atlas_Corrected_Core.pdf, page 90>
Package pdftex.def Info: Depths_V46_2_Atlas_Corrected_Core.pdf , page90 used on
 input line 126.
(pdftex.def)             Requested size: 614.58107pt x 795.34004pt.
 [93

 <./Depths_V46_2_Atlas_Corrected_Core.pdf>]
<Depths_V46_2_Atlas_Corrected_Core.pdf, id=1150, page=91, 614.29199pt x 794.965
96pt>
File: Depths_V46_2_Atlas_Corrected_Core.pdf Graphic file (type pdf)
<use Depths_V46_2_Atlas_Corrected_Core.pdf, page 91>
Package pdftex.def Info: Depths_V46_2_Atlas_Corrected_Core.pdf , page91 used on
 input line 126.
(pdftex.def)             Requested size: 614.58107pt x 795.34004pt.
File: Depths_V46_2_Atlas_Corrected_Core.pdf Graphic file (type pdf)
<use Depths_V46_2_Atlas_Corrected_Core.pdf, page 91>
Package pdftex.def Info: Depths_V46_2_Atlas_Corrected_Core.pdf , page91 used on
 input line 126.
(pdftex.def)             Requested size: 614.58107pt x 795.34004pt.
File: Depths_V46_2_Atlas_Corrected_Core.pdf Graphic file (type pdf)
<use Depths_V46_2_Atlas_Corrected_Core.pdf, page 91>
Package pdftex.def Info: Depths_V46_2_Atlas_Corrected_Core.pdf , page91 used on
 input line 126.
(pdftex.def)             Requested size: 614.58107pt x 795.34004pt.
 [94

 <./Depths_V46_2_Atlas_Corrected_Core.pdf>]
<Depths_V46_2_Atlas_Corrected_Core.pdf, id=1156, page=92, 614.295pt x 794.97pt>

File: Depths_V46_2_Atlas_Corrected_Core.pdf Graphic file (type pdf)
<use Depths_V46_2_Atlas_Corrected_Core.pdf, page 92>
Package pdftex.def Info: Depths_V46_2_Atlas_Corrected_Core.pdf , page92 used on
 input line 126.
(pdftex.def)             Requested size: 614.58406pt x 795.3441pt.
File: Depths_V46_2_Atlas_Corrected_Core.pdf Graphic file (type pdf)
<use Depths_V46_2_Atlas_Corrected_Core.pdf, page 92>
Package pdftex.def Info: Depths_V46_2_Atlas_Corrected_Core.pdf , page92 used on
 input line 126.
(pdftex.def)             Requested size: 614.58406pt x 795.3441pt.
File: Depths_V46_2_Atlas_Corrected_Core.pdf Graphic file (type pdf)
<use Depths_V46_2_Atlas_Corrected_Core.pdf, page 92>
Package pdftex.def Info: Depths_V46_2_Atlas_Corrected_Core.pdf , page92 used on
 input line 126.
(pdftex.def)             Requested size: 614.58406pt x 795.3441pt.

[95

 <./Depths_V46_2_Atlas_Corrected_Core.pdf>]
<Depths_V46_2_Atlas_Corrected_Core.pdf, id=1161, page=93, 614.29199pt x 794.965
96pt>
File: Depths_V46_2_Atlas_Corrected_Core.pdf Graphic file (type pdf)
<use Depths_V46_2_Atlas_Corrected_Core.pdf, page 93>
Package pdftex.def Info: Depths_V46_2_Atlas_Corrected_Core.pdf , page93 used on
 input line 126.
(pdftex.def)             Requested size: 614.58107pt x 795.34004pt.
File: Depths_V46_2_Atlas_Corrected_Core.pdf Graphic file (type pdf)
<use Depths_V46_2_Atlas_Corrected_Core.pdf, page 93>
Package pdftex.def Info: Depths_V46_2_Atlas_Corrected_Core.pdf , page93 used on
 input line 126.
(pdftex.def)             Requested size: 614.58107pt x 795.34004pt.
File: Depths_V46_2_Atlas_Corrected_Core.pdf Graphic file (type pdf)
<use Depths_V46_2_Atlas_Corrected_Core.pdf, page 93>
Package pdftex.def Info: Depths_V46_2_Atlas_Corrected_Core.pdf , page93 used on
 input line 126.
(pdftex.def)             Requested size: 614.58107pt x 795.34004pt.
 [96

 <./Depths_V46_2_Atlas_Corrected_Core.pdf>]
<Depths_V46_2_Atlas_Corrected_Core.pdf, id=1169, page=94, 614.29199pt x 794.965
96pt>
File: Depths_V46_2_Atlas_Corrected_Core.pdf Graphic file (type pdf)
<use Depths_V46_2_Atlas_Corrected_Core.pdf, page 94>
Package pdftex.def Info: Depths_V46_2_Atlas_Corrected_Core.pdf , page94 used on
 input line 126.
(pdftex.def)             Requested size: 614.58107pt x 795.34004pt.
File: Depths_V46_2_Atlas_Corrected_Core.pdf Graphic file (type pdf)
<use Depths_V46_2_Atlas_Corrected_Core.pdf, page 94>
Package pdftex.def Info: Depths_V46_2_Atlas_Corrected_Core.pdf , page94 used on
 input line 126.
(pdftex.def)             Requested size: 614.58107pt x 795.34004pt.
File: Depths_V46_2_Atlas_Corrected_Core.pdf Graphic file (type pdf)
<use Depths_V46_2_Atlas_Corrected_Core.pdf, page 94>
Package pdftex.def Info: Depths_V46_2_Atlas_Corrected_Core.pdf , page94 used on
 input line 126.
(pdftex.def)             Requested size: 614.58107pt x 795.34004pt.
 [97

 <./Depths_V46_2_Atlas_Corrected_Core.pdf>]
<Depths_V46_2_Atlas_Corrected_Core.pdf, id=1176, page=95, 614.29199pt x 794.965
96pt>
File: Depths_V46_2_Atlas_Corrected_Core.pdf Graphic file (type pdf)
<use Depths_V46_2_Atlas_Corrected_Core.pdf, page 95>
Package pdftex.def Info: Depths_V46_2_Atlas_Corrected_Core.pdf , page95 used on
 input line 126.
(pdftex.def)             Requested size: 614.58107pt x 795.34004pt.
File: Depths_V46_2_Atlas_Corrected_Core.pdf Graphic file (type pdf)
<use Depths_V46_2_Atlas_Corrected_Core.pdf, page 95>
Package pdftex.def Info: Depths_V46_2_Atlas_Corrected_Core.pdf , page95 used on
 input line 126.
(pdftex.def)             Requested size: 614.58107pt x 795.34004pt.
File: Depths_V46_2_Atlas_Corrected_Core.pdf Graphic file (type pdf)
<use Depths_V46_2_Atlas_Corrected_Core.pdf, page 95>
Package pdftex.def Info: Depths_V46_2_Atlas_Corrected_Core.pdf , page95 used on
 input line 126.
(pdftex.def)             Requested size: 614.58107pt x 795.34004pt.
 [98

 <./Depths_V46_2_Atlas_Corrected_Core.pdf>]
<Depths_V46_2_Atlas_Corrected_Core.pdf, id=1183, page=96, 614.29199pt x 794.965
96pt>
File: Depths_V46_2_Atlas_Corrected_Core.pdf Graphic file (type pdf)
<use Depths_V46_2_Atlas_Corrected_Core.pdf, page 96>
Package pdftex.def Info: Depths_V46_2_Atlas_Corrected_Core.pdf , page96 used on
 input line 126.
(pdftex.def)             Requested size: 614.58107pt x 795.34004pt.
File: Depths_V46_2_Atlas_Corrected_Core.pdf Graphic file (type pdf)
<use Depths_V46_2_Atlas_Corrected_Core.pdf, page 96>
Package pdftex.def Info: Depths_V46_2_Atlas_Corrected_Core.pdf , page96 used on
 input line 126.
(pdftex.def)             Requested size: 614.58107pt x 795.34004pt.
File: Depths_V46_2_Atlas_Corrected_Core.pdf Graphic file (type pdf)
<use Depths_V46_2_Atlas_Corrected_Core.pdf, page 96>
Package pdftex.def Info: Depths_V46_2_Atlas_Corrected_Core.pdf , page96 used on
 input line 126.
(pdftex.def)             Requested size: 614.58107pt x 795.34004pt.
 [99

 <./Depths_V46_2_Atlas_Corrected_Core.pdf>]
<Depths_V46_2_Atlas_Corrected_Core.pdf, id=1189, page=97, 614.29199pt x 794.965
96pt>
File: Depths_V46_2_Atlas_Corrected_Core.pdf Graphic file (type pdf)
<use Depths_V46_2_Atlas_Corrected_Core.pdf, page 97>
Package pdftex.def Info: Depths_V46_2_Atlas_Corrected_Core.pdf , page97 used on
 input line 126.
(pdftex.def)             Requested size: 614.58107pt x 795.34004pt.
File: Depths_V46_2_Atlas_Corrected_Core.pdf Graphic file (type pdf)
<use Depths_V46_2_Atlas_Corrected_Core.pdf, page 97>
Package pdftex.def Info: Depths_V46_2_Atlas_Corrected_Core.pdf , page97 used on
 input line 126.
(pdftex.def)             Requested size: 614.58107pt x 795.34004pt.
File: Depths_V46_2_Atlas_Corrected_Core.pdf Graphic file (type pdf)
<use Depths_V46_2_Atlas_Corrected_Core.pdf, page 97>
Package pdftex.def Info: Depths_V46_2_Atlas_Corrected_Core.pdf , page97 used on
 input line 126.
(pdftex.def)             Requested size: 614.58107pt x 795.34004pt.

[100

 <./Depths_V46_2_Atlas_Corrected_Core.pdf>]
<Depths_V46_2_Atlas_Corrected_Core.pdf, id=1196, page=98, 614.29199pt x 794.965
96pt>
File: Depths_V46_2_Atlas_Corrected_Core.pdf Graphic file (type pdf)
<use Depths_V46_2_Atlas_Corrected_Core.pdf, page 98>
Package pdftex.def Info: Depths_V46_2_Atlas_Corrected_Core.pdf , page98 used on
 input line 126.
(pdftex.def)             Requested size: 614.58107pt x 795.34004pt.
File: Depths_V46_2_Atlas_Corrected_Core.pdf Graphic file (type pdf)
<use Depths_V46_2_Atlas_Corrected_Core.pdf, page 98>
Package pdftex.def Info: Depths_V46_2_Atlas_Corrected_Core.pdf , page98 used on
 input line 126.
(pdftex.def)             Requested size: 614.58107pt x 795.34004pt.
File: Depths_V46_2_Atlas_Corrected_Core.pdf Graphic file (type pdf)
<use Depths_V46_2_Atlas_Corrected_Core.pdf, page 98>
Package pdftex.def Info: Depths_V46_2_Atlas_Corrected_Core.pdf , page98 used on
 input line 126.
(pdftex.def)             Requested size: 614.58107pt x 795.34004pt.
 [101

 <./Depths_V46_2_Atlas_Corrected_Core.pdf>]
<Depths_V46_2_Atlas_Corrected_Core.pdf, id=1203, page=99, 614.29199pt x 794.965
96pt>
File: Depths_V46_2_Atlas_Corrected_Core.pdf Graphic file (type pdf)
<use Depths_V46_2_Atlas_Corrected_Core.pdf, page 99>
Package pdftex.def Info: Depths_V46_2_Atlas_Corrected_Core.pdf , page99 used on
 input line 126.
(pdftex.def)             Requested size: 614.58107pt x 795.34004pt.
File: Depths_V46_2_Atlas_Corrected_Core.pdf Graphic file (type pdf)
<use Depths_V46_2_Atlas_Corrected_Core.pdf, page 99>
Package pdftex.def Info: Depths_V46_2_Atlas_Corrected_Core.pdf , page99 used on
 input line 126.
(pdftex.def)             Requested size: 614.58107pt x 795.34004pt.
File: Depths_V46_2_Atlas_Corrected_Core.pdf Graphic file (type pdf)
<use Depths_V46_2_Atlas_Corrected_Core.pdf, page 99>
Package pdftex.def Info: Depths_V46_2_Atlas_Corrected_Core.pdf , page99 used on
 input line 126.
(pdftex.def)             Requested size: 614.58107pt x 795.34004pt.
 [102

 <./Depths_V46_2_Atlas_Corrected_Core.pdf>]
<Depths_V46_2_Atlas_Corrected_Core.pdf, id=1215, page=100, 614.29199pt x 794.96
596pt>
File: Depths_V46_2_Atlas_Corrected_Core.pdf Graphic file (type pdf)
<use Depths_V46_2_Atlas_Corrected_Core.pdf, page 100>
Package pdftex.def Info: Depths_V46_2_Atlas_Corrected_Core.pdf , page100 used o
n input line 126.
(pdftex.def)             Requested size: 614.58107pt x 795.34004pt.
File: Depths_V46_2_Atlas_Corrected_Core.pdf Graphic file (type pdf)
<use Depths_V46_2_Atlas_Corrected_Core.pdf, page 100>
Package pdftex.def Info: Depths_V46_2_Atlas_Corrected_Core.pdf , page100 used o
n input line 126.
(pdftex.def)             Requested size: 614.58107pt x 795.34004pt.
File: Depths_V46_2_Atlas_Corrected_Core.pdf Graphic file (type pdf)
<use Depths_V46_2_Atlas_Corrected_Core.pdf, page 100>
Package pdftex.def Info: Depths_V46_2_Atlas_Corrected_Core.pdf , page100 used o
n input line 126.
(pdftex.def)             Requested size: 614.58107pt x 795.34004pt.
 [103

 <./Depths_V46_2_Atlas_Corrected_Core.pdf>]
<Depths_V46_2_Atlas_Corrected_Core.pdf, id=1221, page=101, 614.29199pt x 794.96
596pt>
File: Depths_V46_2_Atlas_Corrected_Core.pdf Graphic file (type pdf)
<use Depths_V46_2_Atlas_Corrected_Core.pdf, page 101>
Package pdftex.def Info: Depths_V46_2_Atlas_Corrected_Core.pdf , page101 used o
n input line 126.
(pdftex.def)             Requested size: 614.58107pt x 795.34004pt.
File: Depths_V46_2_Atlas_Corrected_Core.pdf Graphic file (type pdf)
<use Depths_V46_2_Atlas_Corrected_Core.pdf, page 101>
Package pdftex.def Info: Depths_V46_2_Atlas_Corrected_Core.pdf , page101 used o
n input line 126.
(pdftex.def)             Requested size: 614.58107pt x 795.34004pt.
File: Depths_V46_2_Atlas_Corrected_Core.pdf Graphic file (type pdf)
<use Depths_V46_2_Atlas_Corrected_Core.pdf, page 101>
Package pdftex.def Info: Depths_V46_2_Atlas_Corrected_Core.pdf , page101 used o
n input line 126.
(pdftex.def)             Requested size: 614.58107pt x 795.34004pt.
 [104

 <./Depths_V46_2_Atlas_Corrected_Core.pdf>]
<Depths_V46_2_Atlas_Corrected_Core.pdf, id=1228, page=102, 614.29199pt x 794.96
596pt>
File: Depths_V46_2_Atlas_Corrected_Core.pdf Graphic file (type pdf)
<use Depths_V46_2_Atlas_Corrected_Core.pdf, page 102>
Package pdftex.def Info: Depths_V46_2_Atlas_Corrected_Core.pdf , page102 used o
n input line 126.
(pdftex.def)             Requested size: 614.58107pt x 795.34004pt.
File: Depths_V46_2_Atlas_Corrected_Core.pdf Graphic file (type pdf)
<use Depths_V46_2_Atlas_Corrected_Core.pdf, page 102>
Package pdftex.def Info: Depths_V46_2_Atlas_Corrected_Core.pdf , page102 used o
n input line 126.
(pdftex.def)             Requested size: 614.58107pt x 795.34004pt.
File: Depths_V46_2_Atlas_Corrected_Core.pdf Graphic file (type pdf)
<use Depths_V46_2_Atlas_Corrected_Core.pdf, page 102>
Package pdftex.def Info: Depths_V46_2_Atlas_Corrected_Core.pdf , page102 used o
n input line 126.
(pdftex.def)             Requested size: 614.58107pt x 795.34004pt.
 [105

 <./Depths_V46_2_Atlas_Corrected_Core.pdf>]
<Depths_V46_2_Atlas_Corrected_Core.pdf, id=1235, page=103, 614.29199pt x 794.96
596pt>
File: Depths_V46_2_Atlas_Corrected_Core.pdf Graphic file (type pdf)
<use Depths_V46_2_Atlas_Corrected_Core.pdf, page 103>
Package pdftex.def Info: Depths_V46_2_Atlas_Corrected_Core.pdf , page103 used o
n input line 126.
(pdftex.def)             Requested size: 614.58107pt x 795.34004pt.
File: Depths_V46_2_Atlas_Corrected_Core.pdf Graphic file (type pdf)
<use Depths_V46_2_Atlas_Corrected_Core.pdf, page 103>
Package pdftex.def Info: Depths_V46_2_Atlas_Corrected_Core.pdf , page103 used o
n input line 126.
(pdftex.def)             Requested size: 614.58107pt x 795.34004pt.
File: Depths_V46_2_Atlas_Corrected_Core.pdf Graphic file (type pdf)
<use Depths_V46_2_Atlas_Corrected_Core.pdf, page 103>
Package pdftex.def Info: Depths_V46_2_Atlas_Corrected_Core.pdf , page103 used o
n input line 126.
(pdftex.def)             Requested size: 614.58107pt x 795.34004pt.
 [106

 <./Depths_V46_2_Atlas_Corrected_Core.pdf>]
<Depths_V46_2_Atlas_Corrected_Core.pdf, id=1242, page=104, 614.29199pt x 794.96
596pt>
File: Depths_V46_2_Atlas_Corrected_Core.pdf Graphic file (type pdf)
<use Depths_V46_2_Atlas_Corrected_Core.pdf, page 104>
Package pdftex.def Info: Depths_V46_2_Atlas_Corrected_Core.pdf , page104 used o
n input line 126.
(pdftex.def)             Requested size: 614.58107pt x 795.34004pt.
File: Depths_V46_2_Atlas_Corrected_Core.pdf Graphic file (type pdf)
<use Depths_V46_2_Atlas_Corrected_Core.pdf, page 104>
Package pdftex.def Info: Depths_V46_2_Atlas_Corrected_Core.pdf , page104 used o
n input line 126.
(pdftex.def)             Requested size: 614.58107pt x 795.34004pt.
File: Depths_V46_2_Atlas_Corrected_Core.pdf Graphic file (type pdf)
<use Depths_V46_2_Atlas_Corrected_Core.pdf, page 104>
Package pdftex.def Info: Depths_V46_2_Atlas_Corrected_Core.pdf , page104 used o
n input line 126.
(pdftex.def)             Requested size: 614.58107pt x 795.34004pt.
 [107

 <./Depths_V46_2_Atlas_Corrected_Core.pdf>]
<Depths_V46_2_Atlas_Corrected_Core.pdf, id=1249, page=105, 614.29199pt x 794.96
596pt>
File: Depths_V46_2_Atlas_Corrected_Core.pdf Graphic file (type pdf)
<use Depths_V46_2_Atlas_Corrected_Core.pdf, page 105>
Package pdftex.def Info: Depths_V46_2_Atlas_Corrected_Core.pdf , page105 used o
n input line 126.
(pdftex.def)             Requested size: 614.58107pt x 795.34004pt.
File: Depths_V46_2_Atlas_Corrected_Core.pdf Graphic file (type pdf)
<use Depths_V46_2_Atlas_Corrected_Core.pdf, page 105>
Package pdftex.def Info: Depths_V46_2_Atlas_Corrected_Core.pdf , page105 used o
n input line 126.
(pdftex.def)             Requested size: 614.58107pt x 795.34004pt.
File: Depths_V46_2_Atlas_Corrected_Core.pdf Graphic file (type pdf)
<use Depths_V46_2_Atlas_Corrected_Core.pdf, page 105>
Package pdftex.def Info: Depths_V46_2_Atlas_Corrected_Core.pdf , page105 used o
n input line 126.
(pdftex.def)             Requested size: 614.58107pt x 795.34004pt.
 [108

 <./Depths_V46_2_Atlas_Corrected_Core.pdf>]
<Depths_V46_2_Atlas_Corrected_Core.pdf, id=1256, page=106, 614.29199pt x 794.96
596pt>
File: Depths_V46_2_Atlas_Corrected_Core.pdf Graphic file (type pdf)
<use Depths_V46_2_Atlas_Corrected_Core.pdf, page 106>
Package pdftex.def Info: Depths_V46_2_Atlas_Corrected_Core.pdf , page106 used o
n input line 126.
(pdftex.def)             Requested size: 614.58107pt x 795.34004pt.
File: Depths_V46_2_Atlas_Corrected_Core.pdf Graphic file (type pdf)
<use Depths_V46_2_Atlas_Corrected_Core.pdf, page 106>
Package pdftex.def Info: Depths_V46_2_Atlas_Corrected_Core.pdf , page106 used o
n input line 126.
(pdftex.def)             Requested size: 614.58107pt x 795.34004pt.
File: Depths_V46_2_Atlas_Corrected_Core.pdf Graphic file (type pdf)
<use Depths_V46_2_Atlas_Corrected_Core.pdf, page 106>
Package pdftex.def Info: Depths_V46_2_Atlas_Corrected_Core.pdf , page106 used o
n input line 126.
(pdftex.def)             Requested size: 614.58107pt x 795.34004pt.
 [109

 <./Depths_V46_2_Atlas_Corrected_Core.pdf>]
<Depths_V46_2_Atlas_Corrected_Core.pdf, id=1263, page=107, 614.29199pt x 794.96
596pt>
File: Depths_V46_2_Atlas_Corrected_Core.pdf Graphic file (type pdf)
<use Depths_V46_2_Atlas_Corrected_Core.pdf, page 107>
Package pdftex.def Info: Depths_V46_2_Atlas_Corrected_Core.pdf , page107 used o
n input line 126.
(pdftex.def)             Requested size: 614.58107pt x 795.34004pt.
File: Depths_V46_2_Atlas_Corrected_Core.pdf Graphic file (type pdf)
<use Depths_V46_2_Atlas_Corrected_Core.pdf, page 107>
Package pdftex.def Info: Depths_V46_2_Atlas_Corrected_Core.pdf , page107 used o
n input line 126.
(pdftex.def)             Requested size: 614.58107pt x 795.34004pt.
File: Depths_V46_2_Atlas_Corrected_Core.pdf Graphic file (type pdf)
<use Depths_V46_2_Atlas_Corrected_Core.pdf, page 107>
Package pdftex.def Info: Depths_V46_2_Atlas_Corrected_Core.pdf , page107 used o
n input line 126.
(pdftex.def)             Requested size: 614.58107pt x 795.34004pt.
 [110

 <./Depths_V46_2_Atlas_Corrected_Core.pdf>]
<Depths_V46_2_Atlas_Corrected_Core.pdf, id=1269, page=108, 614.29199pt x 794.96
596pt>
File: Depths_V46_2_Atlas_Corrected_Core.pdf Graphic file (type pdf)
<use Depths_V46_2_Atlas_Corrected_Core.pdf, page 108>
Package pdftex.def Info: Depths_V46_2_Atlas_Corrected_Core.pdf , page108 used o
n input line 126.
(pdftex.def)             Requested size: 614.58107pt x 795.34004pt.
File: Depths_V46_2_Atlas_Corrected_Core.pdf Graphic file (type pdf)
<use Depths_V46_2_Atlas_Corrected_Core.pdf, page 108>
Package pdftex.def Info: Depths_V46_2_Atlas_Corrected_Core.pdf , page108 used o
n input line 126.
(pdftex.def)             Requested size: 614.58107pt x 795.34004pt.
File: Depths_V46_2_Atlas_Corrected_Core.pdf Graphic file (type pdf)
<use Depths_V46_2_Atlas_Corrected_Core.pdf, page 108>
Package pdftex.def Info: Depths_V46_2_Atlas_Corrected_Core.pdf , page108 used o
n input line 126.
(pdftex.def)             Requested size: 614.58107pt x 795.34004pt.
 [111

 <./Depths_V46_2_Atlas_Corrected_Core.pdf>]
<Depths_V46_2_Atlas_Corrected_Core.pdf, id=1276, page=109, 614.29199pt x 794.96
596pt>
File: Depths_V46_2_Atlas_Corrected_Core.pdf Graphic file (type pdf)
<use Depths_V46_2_Atlas_Corrected_Core.pdf, page 109>
Package pdftex.def Info: Depths_V46_2_Atlas_Corrected_Core.pdf , page109 used o
n input line 126.
(pdftex.def)             Requested size: 614.58107pt x 795.34004pt.
File: Depths_V46_2_Atlas_Corrected_Core.pdf Graphic file (type pdf)
<use Depths_V46_2_Atlas_Corrected_Core.pdf, page 109>
Package pdftex.def Info: Depths_V46_2_Atlas_Corrected_Core.pdf , page109 used o
n input line 126.
(pdftex.def)             Requested size: 614.58107pt x 795.34004pt.
File: Depths_V46_2_Atlas_Corrected_Core.pdf Graphic file (type pdf)
<use Depths_V46_2_Atlas_Corrected_Core.pdf, page 109>
Package pdftex.def Info: Depths_V46_2_Atlas_Corrected_Core.pdf , page109 used o
n input line 126.
(pdftex.def)             Requested size: 614.58107pt x 795.34004pt.
 [112

 <./Depths_V46_2_Atlas_Corrected_Core.pdf>]
<Depths_V46_2_Atlas_Corrected_Core.pdf, id=1289, page=110, 614.29199pt x 794.96
596pt>
File: Depths_V46_2_Atlas_Corrected_Core.pdf Graphic file (type pdf)
<use Depths_V46_2_Atlas_Corrected_Core.pdf, page 110>
Package pdftex.def Info: Depths_V46_2_Atlas_Corrected_Core.pdf , page110 used o
n input line 126.
(pdftex.def)             Requested size: 614.58107pt x 795.34004pt.
File: Depths_V46_2_Atlas_Corrected_Core.pdf Graphic file (type pdf)
<use Depths_V46_2_Atlas_Corrected_Core.pdf, page 110>
Package pdftex.def Info: Depths_V46_2_Atlas_Corrected_Core.pdf , page110 used o
n input line 126.
(pdftex.def)             Requested size: 614.58107pt x 795.34004pt.
File: Depths_V46_2_Atlas_Corrected_Core.pdf Graphic file (type pdf)
<use Depths_V46_2_Atlas_Corrected_Core.pdf, page 110>
Package pdftex.def Info: Depths_V46_2_Atlas_Corrected_Core.pdf , page110 used o
n input line 126.
(pdftex.def)             Requested size: 614.58107pt x 795.34004pt.
 [113

 <./Depths_V46_2_Atlas_Corrected_Core.pdf>]
<Depths_V46_2_Atlas_Corrected_Core.pdf, id=1297, page=111, 614.29199pt x 794.96
596pt>
File: Depths_V46_2_Atlas_Corrected_Core.pdf Graphic file (type pdf)
<use Depths_V46_2_Atlas_Corrected_Core.pdf, page 111>
Package pdftex.def Info: Depths_V46_2_Atlas_Corrected_Core.pdf , page111 used o
n input line 126.
(pdftex.def)             Requested size: 614.58107pt x 795.34004pt.
File: Depths_V46_2_Atlas_Corrected_Core.pdf Graphic file (type pdf)
<use Depths_V46_2_Atlas_Corrected_Core.pdf, page 111>
Package pdftex.def Info: Depths_V46_2_Atlas_Corrected_Core.pdf , page111 used o
n input line 126.
(pdftex.def)             Requested size: 614.58107pt x 795.34004pt.
File: Depths_V46_2_Atlas_Corrected_Core.pdf Graphic file (type pdf)
<use Depths_V46_2_Atlas_Corrected_Core.pdf, page 111>
Package pdftex.def Info: Depths_V46_2_Atlas_Corrected_Core.pdf , page111 used o
n input line 126.
(pdftex.def)             Requested size: 614.58107pt x 795.34004pt.
 [114

 <./Depths_V46_2_Atlas_Corrected_Core.pdf>]
<Depths_V46_2_Atlas_Corrected_Core.pdf, id=1304, page=112, 614.29199pt x 794.96
596pt>
File: Depths_V46_2_Atlas_Corrected_Core.pdf Graphic file (type pdf)
<use Depths_V46_2_Atlas_Corrected_Core.pdf, page 112>
Package pdftex.def Info: Depths_V46_2_Atlas_Corrected_Core.pdf , page112 used o
n input line 126.
(pdftex.def)             Requested size: 614.58107pt x 795.34004pt.
File: Depths_V46_2_Atlas_Corrected_Core.pdf Graphic file (type pdf)
<use Depths_V46_2_Atlas_Corrected_Core.pdf, page 112>
Package pdftex.def Info: Depths_V46_2_Atlas_Corrected_Core.pdf , page112 used o
n input line 126.
(pdftex.def)             Requested size: 614.58107pt x 795.34004pt.
File: Depths_V46_2_Atlas_Corrected_Core.pdf Graphic file (type pdf)
<use Depths_V46_2_Atlas_Corrected_Core.pdf, page 112>
Package pdftex.def Info: Depths_V46_2_Atlas_Corrected_Core.pdf , page112 used o
n input line 126.
(pdftex.def)             Requested size: 614.58107pt x 795.34004pt.
 [115

 <./Depths_V46_2_Atlas_Corrected_Core.pdf>]
<Depths_V46_2_Atlas_Corrected_Core.pdf, id=1311, page=113, 614.29199pt x 794.96
596pt>
File: Depths_V46_2_Atlas_Corrected_Core.pdf Graphic file (type pdf)
<use Depths_V46_2_Atlas_Corrected_Core.pdf, page 113>
Package pdftex.def Info: Depths_V46_2_Atlas_Corrected_Core.pdf , page113 used o
n input line 126.
(pdftex.def)             Requested size: 614.58107pt x 795.34004pt.
File: Depths_V46_2_Atlas_Corrected_Core.pdf Graphic file (type pdf)
<use Depths_V46_2_Atlas_Corrected_Core.pdf, page 113>
Package pdftex.def Info: Depths_V46_2_Atlas_Corrected_Core.pdf , page113 used o
n input line 126.
(pdftex.def)             Requested size: 614.58107pt x 795.34004pt.
File: Depths_V46_2_Atlas_Corrected_Core.pdf Graphic file (type pdf)
<use Depths_V46_2_Atlas_Corrected_Core.pdf, page 113>
Package pdftex.def Info: Depths_V46_2_Atlas_Corrected_Core.pdf , page113 used o
n input line 126.
(pdftex.def)             Requested size: 614.58107pt x 795.34004pt.
 [116

 <./Depths_V46_2_Atlas_Corrected_Core.pdf>]
<Depths_V46_2_Atlas_Corrected_Core.pdf, id=1318, page=114, 614.29199pt x 794.96
596pt>
File: Depths_V46_2_Atlas_Corrected_Core.pdf Graphic file (type pdf)
<use Depths_V46_2_Atlas_Corrected_Core.pdf, page 114>
Package pdftex.def Info: Depths_V46_2_Atlas_Corrected_Core.pdf , page114 used o
n input line 126.
(pdftex.def)             Requested size: 614.58107pt x 795.34004pt.
File: Depths_V46_2_Atlas_Corrected_Core.pdf Graphic file (type pdf)
<use Depths_V46_2_Atlas_Corrected_Core.pdf, page 114>
Package pdftex.def Info: Depths_V46_2_Atlas_Corrected_Core.pdf , page114 used o
n input line 126.
(pdftex.def)             Requested size: 614.58107pt x 795.34004pt.
File: Depths_V46_2_Atlas_Corrected_Core.pdf Graphic file (type pdf)
<use Depths_V46_2_Atlas_Corrected_Core.pdf, page 114>
Package pdftex.def Info: Depths_V46_2_Atlas_Corrected_Core.pdf , page114 used o
n input line 126.
(pdftex.def)             Requested size: 614.58107pt x 795.34004pt.
 [117

 <./Depths_V46_2_Atlas_Corrected_Core.pdf>]
<Depths_V46_2_Atlas_Corrected_Core.pdf, id=1325, page=115, 614.29199pt x 794.96
596pt>
File: Depths_V46_2_Atlas_Corrected_Core.pdf Graphic file (type pdf)
<use Depths_V46_2_Atlas_Corrected_Core.pdf, page 115>
Package pdftex.def Info: Depths_V46_2_Atlas_Corrected_Core.pdf , page115 used o
n input line 126.
(pdftex.def)             Requested size: 614.58107pt x 795.34004pt.
File: Depths_V46_2_Atlas_Corrected_Core.pdf Graphic file (type pdf)
<use Depths_V46_2_Atlas_Corrected_Core.pdf, page 115>
Package pdftex.def Info: Depths_V46_2_Atlas_Corrected_Core.pdf , page115 used o
n input line 126.
(pdftex.def)             Requested size: 614.58107pt x 795.34004pt.
File: Depths_V46_2_Atlas_Corrected_Core.pdf Graphic file (type pdf)
<use Depths_V46_2_Atlas_Corrected_Core.pdf, page 115>
Package pdftex.def Info: Depths_V46_2_Atlas_Corrected_Core.pdf , page115 used o
n input line 126.
(pdftex.def)             Requested size: 614.58107pt x 795.34004pt.

[118

 <./Depths_V46_2_Atlas_Corrected_Core.pdf>]
<Depths_V46_2_Atlas_Corrected_Core.pdf, id=1332, page=116, 614.29199pt x 794.96
596pt>
File: Depths_V46_2_Atlas_Corrected_Core.pdf Graphic file (type pdf)
<use Depths_V46_2_Atlas_Corrected_Core.pdf, page 116>
Package pdftex.def Info: Depths_V46_2_Atlas_Corrected_Core.pdf , page116 used o
n input line 126.
(pdftex.def)             Requested size: 614.58107pt x 795.34004pt.
File: Depths_V46_2_Atlas_Corrected_Core.pdf Graphic file (type pdf)
<use Depths_V46_2_Atlas_Corrected_Core.pdf, page 116>
Package pdftex.def Info: Depths_V46_2_Atlas_Corrected_Core.pdf , page116 used o
n input line 126.
(pdftex.def)             Requested size: 614.58107pt x 795.34004pt.
File: Depths_V46_2_Atlas_Corrected_Core.pdf Graphic file (type pdf)
<use Depths_V46_2_Atlas_Corrected_Core.pdf, page 116>
Package pdftex.def Info: Depths_V46_2_Atlas_Corrected_Core.pdf , page116 used o
n input line 126.
(pdftex.def)             Requested size: 614.58107pt x 795.34004pt.
 [119

 <./Depths_V46_2_Atlas_Corrected_Core.pdf>]
<Depths_V46_2_Atlas_Corrected_Core.pdf, id=1339, page=117, 614.29199pt x 794.96
596pt>
File: Depths_V46_2_Atlas_Corrected_Core.pdf Graphic file (type pdf)
<use Depths_V46_2_Atlas_Corrected_Core.pdf, page 117>
Package pdftex.def Info: Depths_V46_2_Atlas_Corrected_Core.pdf , page117 used o
n input line 126.
(pdftex.def)             Requested size: 614.58107pt x 795.34004pt.
File: Depths_V46_2_Atlas_Corrected_Core.pdf Graphic file (type pdf)
<use Depths_V46_2_Atlas_Corrected_Core.pdf, page 117>
Package pdftex.def Info: Depths_V46_2_Atlas_Corrected_Core.pdf , page117 used o
n input line 126.
(pdftex.def)             Requested size: 614.58107pt x 795.34004pt.
File: Depths_V46_2_Atlas_Corrected_Core.pdf Graphic file (type pdf)
<use Depths_V46_2_Atlas_Corrected_Core.pdf, page 117>
Package pdftex.def Info: Depths_V46_2_Atlas_Corrected_Core.pdf , page117 used o
n input line 126.
(pdftex.def)             Requested size: 614.58107pt x 795.34004pt.
 [120

 <./Depths_V46_2_Atlas_Corrected_Core.pdf>]
<Depths_V46_2_Atlas_Corrected_Core.pdf, id=1346, page=118, 614.29199pt x 794.96
596pt>
File: Depths_V46_2_Atlas_Corrected_Core.pdf Graphic file (type pdf)
<use Depths_V46_2_Atlas_Corrected_Core.pdf, page 118>
Package pdftex.def Info: Depths_V46_2_Atlas_Corrected_Core.pdf , page118 used o
n input line 126.
(pdftex.def)             Requested size: 614.58107pt x 795.34004pt.
File: Depths_V46_2_Atlas_Corrected_Core.pdf Graphic file (type pdf)
<use Depths_V46_2_Atlas_Corrected_Core.pdf, page 118>
Package pdftex.def Info: Depths_V46_2_Atlas_Corrected_Core.pdf , page118 used o
n input line 126.
(pdftex.def)             Requested size: 614.58107pt x 795.34004pt.
File: Depths_V46_2_Atlas_Corrected_Core.pdf Graphic file (type pdf)
<use Depths_V46_2_Atlas_Corrected_Core.pdf, page 118>
Package pdftex.def Info: Depths_V46_2_Atlas_Corrected_Core.pdf , page118 used o
n input line 126.
(pdftex.def)             Requested size: 614.58107pt x 795.34004pt.
 [121

 <./Depths_V46_2_Atlas_Corrected_Core.pdf>]
<Depths_V46_2_Atlas_Corrected_Core.pdf, id=1353, page=119, 614.29199pt x 794.96
596pt>
File: Depths_V46_2_Atlas_Corrected_Core.pdf Graphic file (type pdf)
<use Depths_V46_2_Atlas_Corrected_Core.pdf, page 119>
Package pdftex.def Info: Depths_V46_2_Atlas_Corrected_Core.pdf , page119 used o
n input line 126.
(pdftex.def)             Requested size: 614.58107pt x 795.34004pt.
File: Depths_V46_2_Atlas_Corrected_Core.pdf Graphic file (type pdf)
<use Depths_V46_2_Atlas_Corrected_Core.pdf, page 119>
Package pdftex.def Info: Depths_V46_2_Atlas_Corrected_Core.pdf , page119 used o
n input line 126.
(pdftex.def)             Requested size: 614.58107pt x 795.34004pt.
File: Depths_V46_2_Atlas_Corrected_Core.pdf Graphic file (type pdf)
<use Depths_V46_2_Atlas_Corrected_Core.pdf, page 119>
Package pdftex.def Info: Depths_V46_2_Atlas_Corrected_Core.pdf , page119 used o
n input line 126.
(pdftex.def)             Requested size: 614.58107pt x 795.34004pt.
 [122

 <./Depths_V46_2_Atlas_Corrected_Core.pdf>]
<Depths_V46_2_Atlas_Corrected_Core.pdf, id=1359, page=120, 614.29199pt x 794.96
596pt>
File: Depths_V46_2_Atlas_Corrected_Core.pdf Graphic file (type pdf)
<use Depths_V46_2_Atlas_Corrected_Core.pdf, page 120>
Package pdftex.def Info: Depths_V46_2_Atlas_Corrected_Core.pdf , page120 used o
n input line 126.
(pdftex.def)             Requested size: 614.58107pt x 795.34004pt.
File: Depths_V46_2_Atlas_Corrected_Core.pdf Graphic file (type pdf)
<use Depths_V46_2_Atlas_Corrected_Core.pdf, page 120>
Package pdftex.def Info: Depths_V46_2_Atlas_Corrected_Core.pdf , page120 used o
n input line 126.
(pdftex.def)             Requested size: 614.58107pt x 795.34004pt.
File: Depths_V46_2_Atlas_Corrected_Core.pdf Graphic file (type pdf)
<use Depths_V46_2_Atlas_Corrected_Core.pdf, page 120>
Package pdftex.def Info: Depths_V46_2_Atlas_Corrected_Core.pdf , page120 used o
n input line 126.
(pdftex.def)             Requested size: 614.58107pt x 795.34004pt.
 [123

 <./Depths_V46_2_Atlas_Corrected_Core.pdf>]
<Depths_V46_2_Atlas_Corrected_Core.pdf, id=1366, page=121, 614.29199pt x 794.96
596pt>
File: Depths_V46_2_Atlas_Corrected_Core.pdf Graphic file (type pdf)
<use Depths_V46_2_Atlas_Corrected_Core.pdf, page 121>
Package pdftex.def Info: Depths_V46_2_Atlas_Corrected_Core.pdf , page121 used o
n input line 126.
(pdftex.def)             Requested size: 614.58107pt x 795.34004pt.
File: Depths_V46_2_Atlas_Corrected_Core.pdf Graphic file (type pdf)
<use Depths_V46_2_Atlas_Corrected_Core.pdf, page 121>
Package pdftex.def Info: Depths_V46_2_Atlas_Corrected_Core.pdf , page121 used o
n input line 126.
(pdftex.def)             Requested size: 614.58107pt x 795.34004pt.
File: Depths_V46_2_Atlas_Corrected_Core.pdf Graphic file (type pdf)
<use Depths_V46_2_Atlas_Corrected_Core.pdf, page 121>
Package pdftex.def Info: Depths_V46_2_Atlas_Corrected_Core.pdf , page121 used o
n input line 126.
(pdftex.def)             Requested size: 614.58107pt x 795.34004pt.
 [124

 <./Depths_V46_2_Atlas_Corrected_Core.pdf>]
<Depths_V46_2_Atlas_Corrected_Core.pdf, id=1372, page=122, 614.29199pt x 794.96
596pt>
File: Depths_V46_2_Atlas_Corrected_Core.pdf Graphic file (type pdf)
<use Depths_V46_2_Atlas_Corrected_Core.pdf, page 122>
Package pdftex.def Info: Depths_V46_2_Atlas_Corrected_Core.pdf , page122 used o
n input line 126.
(pdftex.def)             Requested size: 614.58107pt x 795.34004pt.
File: Depths_V46_2_Atlas_Corrected_Core.pdf Graphic file (type pdf)
<use Depths_V46_2_Atlas_Corrected_Core.pdf, page 122>
Package pdftex.def Info: Depths_V46_2_Atlas_Corrected_Core.pdf , page122 used o
n input line 126.
(pdftex.def)             Requested size: 614.58107pt x 795.34004pt.
File: Depths_V46_2_Atlas_Corrected_Core.pdf Graphic file (type pdf)
<use Depths_V46_2_Atlas_Corrected_Core.pdf, page 122>
Package pdftex.def Info: Depths_V46_2_Atlas_Corrected_Core.pdf , page122 used o
n input line 126.
(pdftex.def)             Requested size: 614.58107pt x 795.34004pt.
 [125

 <./Depths_V46_2_Atlas_Corrected_Core.pdf>]
<Depths_V46_2_Atlas_Corrected_Core.pdf, id=1379, page=123, 614.29199pt x 794.96
596pt>
File: Depths_V46_2_Atlas_Corrected_Core.pdf Graphic file (type pdf)
<use Depths_V46_2_Atlas_Corrected_Core.pdf, page 123>
Package pdftex.def Info: Depths_V46_2_Atlas_Corrected_Core.pdf , page123 used o
n input line 126.
(pdftex.def)             Requested size: 614.58107pt x 795.34004pt.
File: Depths_V46_2_Atlas_Corrected_Core.pdf Graphic file (type pdf)
<use Depths_V46_2_Atlas_Corrected_Core.pdf, page 123>
Package pdftex.def Info: Depths_V46_2_Atlas_Corrected_Core.pdf , page123 used o
n input line 126.
(pdftex.def)             Requested size: 614.58107pt x 795.34004pt.
File: Depths_V46_2_Atlas_Corrected_Core.pdf Graphic file (type pdf)
<use Depths_V46_2_Atlas_Corrected_Core.pdf, page 123>
Package pdftex.def Info: Depths_V46_2_Atlas_Corrected_Core.pdf , page123 used o
n input line 126.
(pdftex.def)             Requested size: 614.58107pt x 795.34004pt.
 [126

 <./Depths_V46_2_Atlas_Corrected_Core.pdf>]
<Depths_V46_2_Atlas_Corrected_Core.pdf, id=1387, page=124, 614.29199pt x 794.96
596pt>
File: Depths_V46_2_Atlas_Corrected_Core.pdf Graphic file (type pdf)
<use Depths_V46_2_Atlas_Corrected_Core.pdf, page 124>
Package pdftex.def Info: Depths_V46_2_Atlas_Corrected_Core.pdf , page124 used o
n input line 126.
(pdftex.def)             Requested size: 614.58107pt x 795.34004pt.
File: Depths_V46_2_Atlas_Corrected_Core.pdf Graphic file (type pdf)
<use Depths_V46_2_Atlas_Corrected_Core.pdf, page 124>
Package pdftex.def Info: Depths_V46_2_Atlas_Corrected_Core.pdf , page124 used o
n input line 126.
(pdftex.def)             Requested size: 614.58107pt x 795.34004pt.
File: Depths_V46_2_Atlas_Corrected_Core.pdf Graphic file (type pdf)
<use Depths_V46_2_Atlas_Corrected_Core.pdf, page 124>
Package pdftex.def Info: Depths_V46_2_Atlas_Corrected_Core.pdf , page124 used o
n input line 126.
(pdftex.def)             Requested size: 614.58107pt x 795.34004pt.
 [127

 <./Depths_V46_2_Atlas_Corrected_Core.pdf>]
<Depths_V46_2_Atlas_Corrected_Core.pdf, id=1394, page=125, 614.29199pt x 794.96
596pt>
File: Depths_V46_2_Atlas_Corrected_Core.pdf Graphic file (type pdf)
<use Depths_V46_2_Atlas_Corrected_Core.pdf, page 125>
Package pdftex.def Info: Depths_V46_2_Atlas_Corrected_Core.pdf , page125 used o
n input line 126.
(pdftex.def)             Requested size: 614.58107pt x 795.34004pt.
File: Depths_V46_2_Atlas_Corrected_Core.pdf Graphic file (type pdf)
<use Depths_V46_2_Atlas_Corrected_Core.pdf, page 125>
Package pdftex.def Info: Depths_V46_2_Atlas_Corrected_Core.pdf , page125 used o
n input line 126.
(pdftex.def)             Requested size: 614.58107pt x 795.34004pt.
File: Depths_V46_2_Atlas_Corrected_Core.pdf Graphic file (type pdf)
<use Depths_V46_2_Atlas_Corrected_Core.pdf, page 125>
Package pdftex.def Info: Depths_V46_2_Atlas_Corrected_Core.pdf , page125 used o
n input line 126.
(pdftex.def)             Requested size: 614.58107pt x 795.34004pt.
 [128

 <./Depths_V46_2_Atlas_Corrected_Core.pdf>]
<Depths_V46_2_Atlas_Corrected_Core.pdf, id=1401, page=126, 614.295pt x 794.97pt
>
File: Depths_V46_2_Atlas_Corrected_Core.pdf Graphic file (type pdf)
<use Depths_V46_2_Atlas_Corrected_Core.pdf, page 126>
Package pdftex.def Info: Depths_V46_2_Atlas_Corrected_Core.pdf , page126 used o
n input line 126.
(pdftex.def)             Requested size: 614.58406pt x 795.3441pt.
File: Depths_V46_2_Atlas_Corrected_Core.pdf Graphic file (type pdf)
<use Depths_V46_2_Atlas_Corrected_Core.pdf, page 126>
Package pdftex.def Info: Depths_V46_2_Atlas_Corrected_Core.pdf , page126 used o
n input line 126.
(pdftex.def)             Requested size: 614.58406pt x 795.3441pt.
File: Depths_V46_2_Atlas_Corrected_Core.pdf Graphic file (type pdf)
<use Depths_V46_2_Atlas_Corrected_Core.pdf, page 126>
Package pdftex.def Info: Depths_V46_2_Atlas_Corrected_Core.pdf , page126 used o
n input line 126.
(pdftex.def)             Requested size: 614.58406pt x 795.3441pt.
 [129

 <./Depths_V46_2_Atlas_Corrected_Core.pdf>]
<Depths_V46_2_Atlas_Corrected_Core.pdf, id=1406, page=127, 614.29199pt x 794.96
596pt>
File: Depths_V46_2_Atlas_Corrected_Core.pdf Graphic file (type pdf)
<use Depths_V46_2_Atlas_Corrected_Core.pdf, page 127>
Package pdftex.def Info: Depths_V46_2_Atlas_Corrected_Core.pdf , page127 used o
n input line 126.
(pdftex.def)             Requested size: 614.58107pt x 795.34004pt.
File: Depths_V46_2_Atlas_Corrected_Core.pdf Graphic file (type pdf)
<use Depths_V46_2_Atlas_Corrected_Core.pdf, page 127>
Package pdftex.def Info: Depths_V46_2_Atlas_Corrected_Core.pdf , page127 used o
n input line 126.
(pdftex.def)             Requested size: 614.58107pt x 795.34004pt.
File: Depths_V46_2_Atlas_Corrected_Core.pdf Graphic file (type pdf)
<use Depths_V46_2_Atlas_Corrected_Core.pdf, page 127>
Package pdftex.def Info: Depths_V46_2_Atlas_Corrected_Core.pdf , page127 used o
n input line 126.
(pdftex.def)             Requested size: 614.58107pt x 795.34004pt.
 [130

 <./Depths_V46_2_Atlas_Corrected_Core.pdf>]
<Depths_V46_2_Atlas_Corrected_Core.pdf, id=1413, page=128, 614.29199pt x 794.96
596pt>
File: Depths_V46_2_Atlas_Corrected_Core.pdf Graphic file (type pdf)
<use Depths_V46_2_Atlas_Corrected_Core.pdf, page 128>
Package pdftex.def Info: Depths_V46_2_Atlas_Corrected_Core.pdf , page128 used o
n input line 126.
(pdftex.def)             Requested size: 614.58107pt x 795.34004pt.
File: Depths_V46_2_Atlas_Corrected_Core.pdf Graphic file (type pdf)
<use Depths_V46_2_Atlas_Corrected_Core.pdf, page 128>
Package pdftex.def Info: Depths_V46_2_Atlas_Corrected_Core.pdf , page128 used o
n input line 126.
(pdftex.def)             Requested size: 614.58107pt x 795.34004pt.
File: Depths_V46_2_Atlas_Corrected_Core.pdf Graphic file (type pdf)
<use Depths_V46_2_Atlas_Corrected_Core.pdf, page 128>
Package pdftex.def Info: Depths_V46_2_Atlas_Corrected_Core.pdf , page128 used o
n input line 126.
(pdftex.def)             Requested size: 614.58107pt x 795.34004pt.
 [131

 <./Depths_V46_2_Atlas_Corrected_Core.pdf>]
<Depths_V46_2_Atlas_Corrected_Core.pdf, id=1420, page=129, 614.29199pt x 794.96
596pt>
File: Depths_V46_2_Atlas_Corrected_Core.pdf Graphic file (type pdf)
<use Depths_V46_2_Atlas_Corrected_Core.pdf, page 129>
Package pdftex.def Info: Depths_V46_2_Atlas_Corrected_Core.pdf , page129 used o
n input line 126.
(pdftex.def)             Requested size: 614.58107pt x 795.34004pt.
File: Depths_V46_2_Atlas_Corrected_Core.pdf Graphic file (type pdf)
<use Depths_V46_2_Atlas_Corrected_Core.pdf, page 129>
Package pdftex.def Info: Depths_V46_2_Atlas_Corrected_Core.pdf , page129 used o
n input line 126.
(pdftex.def)             Requested size: 614.58107pt x 795.34004pt.
File: Depths_V46_2_Atlas_Corrected_Core.pdf Graphic file (type pdf)
<use Depths_V46_2_Atlas_Corrected_Core.pdf, page 129>
Package pdftex.def Info: Depths_V46_2_Atlas_Corrected_Core.pdf , page129 used o
n input line 126.
(pdftex.def)             Requested size: 614.58107pt x 795.34004pt.
 [132

 <./Depths_V46_2_Atlas_Corrected_Core.pdf>]
<Depths_V46_2_Atlas_Corrected_Core.pdf, id=1428, page=130, 614.29199pt x 794.96
596pt>
File: Depths_V46_2_Atlas_Corrected_Core.pdf Graphic file (type pdf)
<use Depths_V46_2_Atlas_Corrected_Core.pdf, page 130>
Package pdftex.def Info: Depths_V46_2_Atlas_Corrected_Core.pdf , page130 used o
n input line 126.
(pdftex.def)             Requested size: 614.58107pt x 795.34004pt.
File: Depths_V46_2_Atlas_Corrected_Core.pdf Graphic file (type pdf)
<use Depths_V46_2_Atlas_Corrected_Core.pdf, page 130>
Package pdftex.def Info: Depths_V46_2_Atlas_Corrected_Core.pdf , page130 used o
n input line 126.
(pdftex.def)             Requested size: 614.58107pt x 795.34004pt.
File: Depths_V46_2_Atlas_Corrected_Core.pdf Graphic file (type pdf)
<use Depths_V46_2_Atlas_Corrected_Core.pdf, page 130>
Package pdftex.def Info: Depths_V46_2_Atlas_Corrected_Core.pdf , page130 used o
n input line 126.
(pdftex.def)             Requested size: 614.58107pt x 795.34004pt.
 [133

 <./Depths_V46_2_Atlas_Corrected_Core.pdf>]
<Depths_V46_2_Atlas_Corrected_Core.pdf, id=1434, page=131, 614.29199pt x 794.96
596pt>
File: Depths_V46_2_Atlas_Corrected_Core.pdf Graphic file (type pdf)
<use Depths_V46_2_Atlas_Corrected_Core.pdf, page 131>
Package pdftex.def Info: Depths_V46_2_Atlas_Corrected_Core.pdf , page131 used o
n input line 126.
(pdftex.def)             Requested size: 614.58107pt x 795.34004pt.
File: Depths_V46_2_Atlas_Corrected_Core.pdf Graphic file (type pdf)
<use Depths_V46_2_Atlas_Corrected_Core.pdf, page 131>
Package pdftex.def Info: Depths_V46_2_Atlas_Corrected_Core.pdf , page131 used o
n input line 126.
(pdftex.def)             Requested size: 614.58107pt x 795.34004pt.
File: Depths_V46_2_Atlas_Corrected_Core.pdf Graphic file (type pdf)
<use Depths_V46_2_Atlas_Corrected_Core.pdf, page 131>
Package pdftex.def Info: Depths_V46_2_Atlas_Corrected_Core.pdf , page131 used o
n input line 126.
(pdftex.def)             Requested size: 614.58107pt x 795.34004pt.
 [134

 <./Depths_V46_2_Atlas_Corrected_Core.pdf>]
<Depths_V46_2_Atlas_Corrected_Core.pdf, id=1441, page=132, 614.29199pt x 794.96
596pt>
File: Depths_V46_2_Atlas_Corrected_Core.pdf Graphic file (type pdf)
<use Depths_V46_2_Atlas_Corrected_Core.pdf, page 132>
Package pdftex.def Info: Depths_V46_2_Atlas_Corrected_Core.pdf , page132 used o
n input line 126.
(pdftex.def)             Requested size: 614.58107pt x 795.34004pt.
File: Depths_V46_2_Atlas_Corrected_Core.pdf Graphic file (type pdf)
<use Depths_V46_2_Atlas_Corrected_Core.pdf, page 132>
Package pdftex.def Info: Depths_V46_2_Atlas_Corrected_Core.pdf , page132 used o
n input line 126.
(pdftex.def)             Requested size: 614.58107pt x 795.34004pt.
File: Depths_V46_2_Atlas_Corrected_Core.pdf Graphic file (type pdf)
<use Depths_V46_2_Atlas_Corrected_Core.pdf, page 132>
Package pdftex.def Info: Depths_V46_2_Atlas_Corrected_Core.pdf , page132 used o
n input line 126.
(pdftex.def)             Requested size: 614.58107pt x 795.34004pt.
 [135

 <./Depths_V46_2_Atlas_Corrected_Core.pdf>]
<Depths_V46_2_Atlas_Corrected_Core.pdf, id=1447, page=133, 614.29199pt x 794.96
596pt>
File: Depths_V46_2_Atlas_Corrected_Core.pdf Graphic file (type pdf)
<use Depths_V46_2_Atlas_Corrected_Core.pdf, page 133>
Package pdftex.def Info: Depths_V46_2_Atlas_Corrected_Core.pdf , page133 used o
n input line 126.
(pdftex.def)             Requested size: 614.58107pt x 795.34004pt.
File: Depths_V46_2_Atlas_Corrected_Core.pdf Graphic file (type pdf)
<use Depths_V46_2_Atlas_Corrected_Core.pdf, page 133>
Package pdftex.def Info: Depths_V46_2_Atlas_Corrected_Core.pdf , page133 used o
n input line 126.
(pdftex.def)             Requested size: 614.58107pt x 795.34004pt.
File: Depths_V46_2_Atlas_Corrected_Core.pdf Graphic file (type pdf)
<use Depths_V46_2_Atlas_Corrected_Core.pdf, page 133>
Package pdftex.def Info: Depths_V46_2_Atlas_Corrected_Core.pdf , page133 used o
n input line 126.
(pdftex.def)             Requested size: 614.58107pt x 795.34004pt.

[136

 <./Depths_V46_2_Atlas_Corrected_Core.pdf>]
<Depths_V46_2_Atlas_Corrected_Core.pdf, id=1454, page=134, 614.29199pt x 794.96
596pt>
File: Depths_V46_2_Atlas_Corrected_Core.pdf Graphic file (type pdf)
<use Depths_V46_2_Atlas_Corrected_Core.pdf, page 134>
Package pdftex.def Info: Depths_V46_2_Atlas_Corrected_Core.pdf , page134 used o
n input line 126.
(pdftex.def)             Requested size: 614.58107pt x 795.34004pt.
File: Depths_V46_2_Atlas_Corrected_Core.pdf Graphic file (type pdf)
<use Depths_V46_2_Atlas_Corrected_Core.pdf, page 134>
Package pdftex.def Info: Depths_V46_2_Atlas_Corrected_Core.pdf , page134 used o
n input line 126.
(pdftex.def)             Requested size: 614.58107pt x 795.34004pt.
File: Depths_V46_2_Atlas_Corrected_Core.pdf Graphic file (type pdf)
<use Depths_V46_2_Atlas_Corrected_Core.pdf, page 134>
Package pdftex.def Info: Depths_V46_2_Atlas_Corrected_Core.pdf , page134 used o
n input line 126.
(pdftex.def)             Requested size: 614.58107pt x 795.34004pt.
 [137

 <./Depths_V46_2_Atlas_Corrected_Core.pdf>]
<Depths_V46_2_Atlas_Corrected_Core.pdf, id=1460, page=135, 614.29199pt x 794.96
596pt>
File: Depths_V46_2_Atlas_Corrected_Core.pdf Graphic file (type pdf)
<use Depths_V46_2_Atlas_Corrected_Core.pdf, page 135>
Package pdftex.def Info: Depths_V46_2_Atlas_Corrected_Core.pdf , page135 used o
n input line 126.
(pdftex.def)             Requested size: 614.58107pt x 795.34004pt.
File: Depths_V46_2_Atlas_Corrected_Core.pdf Graphic file (type pdf)
<use Depths_V46_2_Atlas_Corrected_Core.pdf, page 135>
Package pdftex.def Info: Depths_V46_2_Atlas_Corrected_Core.pdf , page135 used o
n input line 126.
(pdftex.def)             Requested size: 614.58107pt x 795.34004pt.
File: Depths_V46_2_Atlas_Corrected_Core.pdf Graphic file (type pdf)
<use Depths_V46_2_Atlas_Corrected_Core.pdf, page 135>
Package pdftex.def Info: Depths_V46_2_Atlas_Corrected_Core.pdf , page135 used o
n input line 126.
(pdftex.def)             Requested size: 614.58107pt x 795.34004pt.
 [138

 <./Depths_V46_2_Atlas_Corrected_Core.pdf>]
<Depths_V46_2_Atlas_Corrected_Core.pdf, id=1468, page=136, 614.29199pt x 794.96
596pt>
File: Depths_V46_2_Atlas_Corrected_Core.pdf Graphic file (type pdf)
<use Depths_V46_2_Atlas_Corrected_Core.pdf, page 136>
Package pdftex.def Info: Depths_V46_2_Atlas_Corrected_Core.pdf , page136 used o
n input line 126.
(pdftex.def)             Requested size: 614.58107pt x 795.34004pt.
File: Depths_V46_2_Atlas_Corrected_Core.pdf Graphic file (type pdf)
<use Depths_V46_2_Atlas_Corrected_Core.pdf, page 136>
Package pdftex.def Info: Depths_V46_2_Atlas_Corrected_Core.pdf , page136 used o
n input line 126.
(pdftex.def)             Requested size: 614.58107pt x 795.34004pt.
File: Depths_V46_2_Atlas_Corrected_Core.pdf Graphic file (type pdf)
<use Depths_V46_2_Atlas_Corrected_Core.pdf, page 136>
Package pdftex.def Info: Depths_V46_2_Atlas_Corrected_Core.pdf , page136 used o
n input line 126.
(pdftex.def)             Requested size: 614.58107pt x 795.34004pt.
 [139

 <./Depths_V46_2_Atlas_Corrected_Core.pdf>]
<Depths_V46_2_Atlas_Corrected_Core.pdf, id=1481, page=137, 614.29199pt x 794.96
596pt>
File: Depths_V46_2_Atlas_Corrected_Core.pdf Graphic file (type pdf)
<use Depths_V46_2_Atlas_Corrected_Core.pdf, page 137>
Package pdftex.def Info: Depths_V46_2_Atlas_Corrected_Core.pdf , page137 used o
n input line 126.
(pdftex.def)             Requested size: 614.58107pt x 795.34004pt.
File: Depths_V46_2_Atlas_Corrected_Core.pdf Graphic file (type pdf)
<use Depths_V46_2_Atlas_Corrected_Core.pdf, page 137>
Package pdftex.def Info: Depths_V46_2_Atlas_Corrected_Core.pdf , page137 used o
n input line 126.
(pdftex.def)             Requested size: 614.58107pt x 795.34004pt.
File: Depths_V46_2_Atlas_Corrected_Core.pdf Graphic file (type pdf)
<use Depths_V46_2_Atlas_Corrected_Core.pdf, page 137>
Package pdftex.def Info: Depths_V46_2_Atlas_Corrected_Core.pdf , page137 used o
n input line 126.
(pdftex.def)             Requested size: 614.58107pt x 795.34004pt.
 [140

 <./Depths_V46_2_Atlas_Corrected_Core.pdf>]
<Depths_V46_2_Atlas_Corrected_Core.pdf, id=1488, page=138, 614.29199pt x 794.96
596pt>
File: Depths_V46_2_Atlas_Corrected_Core.pdf Graphic file (type pdf)
<use Depths_V46_2_Atlas_Corrected_Core.pdf, page 138>
Package pdftex.def Info: Depths_V46_2_Atlas_Corrected_Core.pdf , page138 used o
n input line 126.
(pdftex.def)             Requested size: 614.58107pt x 795.34004pt.
File: Depths_V46_2_Atlas_Corrected_Core.pdf Graphic file (type pdf)
<use Depths_V46_2_Atlas_Corrected_Core.pdf, page 138>
Package pdftex.def Info: Depths_V46_2_Atlas_Corrected_Core.pdf , page138 used o
n input line 126.
(pdftex.def)             Requested size: 614.58107pt x 795.34004pt.
File: Depths_V46_2_Atlas_Corrected_Core.pdf Graphic file (type pdf)
<use Depths_V46_2_Atlas_Corrected_Core.pdf, page 138>
Package pdftex.def Info: Depths_V46_2_Atlas_Corrected_Core.pdf , page138 used o
n input line 126.
(pdftex.def)             Requested size: 614.58107pt x 795.34004pt.
 [141

 <./Depths_V46_2_Atlas_Corrected_Core.pdf>]
<Depths_V46_2_Atlas_Corrected_Core.pdf, id=1494, page=139, 614.29199pt x 794.96
596pt>
File: Depths_V46_2_Atlas_Corrected_Core.pdf Graphic file (type pdf)
<use Depths_V46_2_Atlas_Corrected_Core.pdf, page 139>
Package pdftex.def Info: Depths_V46_2_Atlas_Corrected_Core.pdf , page139 used o
n input line 126.
(pdftex.def)             Requested size: 614.58107pt x 795.34004pt.
File: Depths_V46_2_Atlas_Corrected_Core.pdf Graphic file (type pdf)
<use Depths_V46_2_Atlas_Corrected_Core.pdf, page 139>
Package pdftex.def Info: Depths_V46_2_Atlas_Corrected_Core.pdf , page139 used o
n input line 126.
(pdftex.def)             Requested size: 614.58107pt x 795.34004pt.
File: Depths_V46_2_Atlas_Corrected_Core.pdf Graphic file (type pdf)
<use Depths_V46_2_Atlas_Corrected_Core.pdf, page 139>
Package pdftex.def Info: Depths_V46_2_Atlas_Corrected_Core.pdf , page139 used o
n input line 126.
(pdftex.def)             Requested size: 614.58107pt x 795.34004pt.
 [142

 <./Depths_V46_2_Atlas_Corrected_Core.pdf>]
<Depths_V46_2_Atlas_Corrected_Core.pdf, id=1501, page=140, 614.29199pt x 794.96
596pt>
File: Depths_V46_2_Atlas_Corrected_Core.pdf Graphic file (type pdf)
<use Depths_V46_2_Atlas_Corrected_Core.pdf, page 140>
Package pdftex.def Info: Depths_V46_2_Atlas_Corrected_Core.pdf , page140 used o
n input line 126.
(pdftex.def)             Requested size: 614.58107pt x 795.34004pt.
File: Depths_V46_2_Atlas_Corrected_Core.pdf Graphic file (type pdf)
<use Depths_V46_2_Atlas_Corrected_Core.pdf, page 140>
Package pdftex.def Info: Depths_V46_2_Atlas_Corrected_Core.pdf , page140 used o
n input line 126.
(pdftex.def)             Requested size: 614.58107pt x 795.34004pt.
File: Depths_V46_2_Atlas_Corrected_Core.pdf Graphic file (type pdf)
<use Depths_V46_2_Atlas_Corrected_Core.pdf, page 140>
Package pdftex.def Info: Depths_V46_2_Atlas_Corrected_Core.pdf , page140 used o
n input line 126.
(pdftex.def)             Requested size: 614.58107pt x 795.34004pt.
 [143

 <./Depths_V46_2_Atlas_Corrected_Core.pdf>]
<Depths_V46_2_Atlas_Corrected_Core.pdf, id=1508, page=141, 614.29199pt x 794.96
596pt>
File: Depths_V46_2_Atlas_Corrected_Core.pdf Graphic file (type pdf)
<use Depths_V46_2_Atlas_Corrected_Core.pdf, page 141>
Package pdftex.def Info: Depths_V46_2_Atlas_Corrected_Core.pdf , page141 used o
n input line 126.
(pdftex.def)             Requested size: 614.58107pt x 795.34004pt.
File: Depths_V46_2_Atlas_Corrected_Core.pdf Graphic file (type pdf)
<use Depths_V46_2_Atlas_Corrected_Core.pdf, page 141>
Package pdftex.def Info: Depths_V46_2_Atlas_Corrected_Core.pdf , page141 used o
n input line 126.
(pdftex.def)             Requested size: 614.58107pt x 795.34004pt.
File: Depths_V46_2_Atlas_Corrected_Core.pdf Graphic file (type pdf)
<use Depths_V46_2_Atlas_Corrected_Core.pdf, page 141>
Package pdftex.def Info: Depths_V46_2_Atlas_Corrected_Core.pdf , page141 used o
n input line 126.
(pdftex.def)             Requested size: 614.58107pt x 795.34004pt.
 [144

 <./Depths_V46_2_Atlas_Corrected_Core.pdf>]
<Depths_V46_2_Atlas_Corrected_Core.pdf, id=1516, page=142, 614.29199pt x 794.96
596pt>
File: Depths_V46_2_Atlas_Corrected_Core.pdf Graphic file (type pdf)
<use Depths_V46_2_Atlas_Corrected_Core.pdf, page 142>
Package pdftex.def Info: Depths_V46_2_Atlas_Corrected_Core.pdf , page142 used o
n input line 126.
(pdftex.def)             Requested size: 614.58107pt x 795.34004pt.
File: Depths_V46_2_Atlas_Corrected_Core.pdf Graphic file (type pdf)
<use Depths_V46_2_Atlas_Corrected_Core.pdf, page 142>
Package pdftex.def Info: Depths_V46_2_Atlas_Corrected_Core.pdf , page142 used o
n input line 126.
(pdftex.def)             Requested size: 614.58107pt x 795.34004pt.
File: Depths_V46_2_Atlas_Corrected_Core.pdf Graphic file (type pdf)
<use Depths_V46_2_Atlas_Corrected_Core.pdf, page 142>
Package pdftex.def Info: Depths_V46_2_Atlas_Corrected_Core.pdf , page142 used o
n input line 126.
(pdftex.def)             Requested size: 614.58107pt x 795.34004pt.
 [145

 <./Depths_V46_2_Atlas_Corrected_Core.pdf>]
<Depths_V46_2_Atlas_Corrected_Core.pdf, id=1524, page=143, 614.29199pt x 794.96
596pt>
File: Depths_V46_2_Atlas_Corrected_Core.pdf Graphic file (type pdf)
<use Depths_V46_2_Atlas_Corrected_Core.pdf, page 143>
Package pdftex.def Info: Depths_V46_2_Atlas_Corrected_Core.pdf , page143 used o
n input line 126.
(pdftex.def)             Requested size: 614.58107pt x 795.34004pt.
File: Depths_V46_2_Atlas_Corrected_Core.pdf Graphic file (type pdf)
<use Depths_V46_2_Atlas_Corrected_Core.pdf, page 143>
Package pdftex.def Info: Depths_V46_2_Atlas_Corrected_Core.pdf , page143 used o
n input line 126.
(pdftex.def)             Requested size: 614.58107pt x 795.34004pt.
File: Depths_V46_2_Atlas_Corrected_Core.pdf Graphic file (type pdf)
<use Depths_V46_2_Atlas_Corrected_Core.pdf, page 143>
Package pdftex.def Info: Depths_V46_2_Atlas_Corrected_Core.pdf , page143 used o
n input line 126.
(pdftex.def)             Requested size: 614.58107pt x 795.34004pt.
 [146

 <./Depths_V46_2_Atlas_Corrected_Core.pdf>]
<Depths_V46_2_Atlas_Corrected_Core.pdf, id=1531, page=144, 614.295pt x 794.97pt
>
File: Depths_V46_2_Atlas_Corrected_Core.pdf Graphic file (type pdf)
<use Depths_V46_2_Atlas_Corrected_Core.pdf, page 144>
Package pdftex.def Info: Depths_V46_2_Atlas_Corrected_Core.pdf , page144 used o
n input line 126.
(pdftex.def)             Requested size: 614.58406pt x 795.3441pt.
File: Depths_V46_2_Atlas_Corrected_Core.pdf Graphic file (type pdf)
<use Depths_V46_2_Atlas_Corrected_Core.pdf, page 144>
Package pdftex.def Info: Depths_V46_2_Atlas_Corrected_Core.pdf , page144 used o
n input line 126.
(pdftex.def)             Requested size: 614.58406pt x 795.3441pt.
File: Depths_V46_2_Atlas_Corrected_Core.pdf Graphic file (type pdf)
<use Depths_V46_2_Atlas_Corrected_Core.pdf, page 144>
Package pdftex.def Info: Depths_V46_2_Atlas_Corrected_Core.pdf , page144 used o
n input line 126.
(pdftex.def)             Requested size: 614.58406pt x 795.3441pt.
 [147

 <./Depths_V46_2_Atlas_Corrected_Core.pdf>]
<Depths_V46_2_Atlas_Corrected_Core.pdf, id=1536, page=145, 614.29199pt x 794.96
596pt>
File: Depths_V46_2_Atlas_Corrected_Core.pdf Graphic file (type pdf)
<use Depths_V46_2_Atlas_Corrected_Core.pdf, page 145>
Package pdftex.def Info: Depths_V46_2_Atlas_Corrected_Core.pdf , page145 used o
n input line 126.
(pdftex.def)             Requested size: 614.58107pt x 795.34004pt.
File: Depths_V46_2_Atlas_Corrected_Core.pdf Graphic file (type pdf)
<use Depths_V46_2_Atlas_Corrected_Core.pdf, page 145>
Package pdftex.def Info: Depths_V46_2_Atlas_Corrected_Core.pdf , page145 used o
n input line 126.
(pdftex.def)             Requested size: 614.58107pt x 795.34004pt.
File: Depths_V46_2_Atlas_Corrected_Core.pdf Graphic file (type pdf)
<use Depths_V46_2_Atlas_Corrected_Core.pdf, page 145>
Package pdftex.def Info: Depths_V46_2_Atlas_Corrected_Core.pdf , page145 used o
n input line 126.
(pdftex.def)             Requested size: 614.58107pt x 795.34004pt.
 [148

 <./Depths_V46_2_Atlas_Corrected_Core.pdf>]
<Depths_V46_2_Atlas_Corrected_Core.pdf, id=1543, page=146, 614.29199pt x 794.96
596pt>
File: Depths_V46_2_Atlas_Corrected_Core.pdf Graphic file (type pdf)
<use Depths_V46_2_Atlas_Corrected_Core.pdf, page 146>
Package pdftex.def Info: Depths_V46_2_Atlas_Corrected_Core.pdf , page146 used o
n input line 126.
(pdftex.def)             Requested size: 614.58107pt x 795.34004pt.
File: Depths_V46_2_Atlas_Corrected_Core.pdf Graphic file (type pdf)
<use Depths_V46_2_Atlas_Corrected_Core.pdf, page 146>
Package pdftex.def Info: Depths_V46_2_Atlas_Corrected_Core.pdf , page146 used o
n input line 126.
(pdftex.def)             Requested size: 614.58107pt x 795.34004pt.
File: Depths_V46_2_Atlas_Corrected_Core.pdf Graphic file (type pdf)
<use Depths_V46_2_Atlas_Corrected_Core.pdf, page 146>
Package pdftex.def Info: Depths_V46_2_Atlas_Corrected_Core.pdf , page146 used o
n input line 126.
(pdftex.def)             Requested size: 614.58107pt x 795.34004pt.
 [149

 <./Depths_V46_2_Atlas_Corrected_Core.pdf>]
<Depths_V46_2_Atlas_Corrected_Core.pdf, id=1561, page=147, 614.29199pt x 794.96
596pt>
File: Depths_V46_2_Atlas_Corrected_Core.pdf Graphic file (type pdf)
<use Depths_V46_2_Atlas_Corrected_Core.pdf, page 147>
Package pdftex.def Info: Depths_V46_2_Atlas_Corrected_Core.pdf , page147 used o
n input line 126.
(pdftex.def)             Requested size: 614.58107pt x 795.34004pt.
File: Depths_V46_2_Atlas_Corrected_Core.pdf Graphic file (type pdf)
<use Depths_V46_2_Atlas_Corrected_Core.pdf, page 147>
Package pdftex.def Info: Depths_V46_2_Atlas_Corrected_Core.pdf , page147 used o
n input line 126.
(pdftex.def)             Requested size: 614.58107pt x 795.34004pt.
File: Depths_V46_2_Atlas_Corrected_Core.pdf Graphic file (type pdf)
<use Depths_V46_2_Atlas_Corrected_Core.pdf, page 147>
Package pdftex.def Info: Depths_V46_2_Atlas_Corrected_Core.pdf , page147 used o
n input line 126.
(pdftex.def)             Requested size: 614.58107pt x 795.34004pt.
 [150

 <./Depths_V46_2_Atlas_Corrected_Core.pdf>]
<Depths_V46_2_Atlas_Corrected_Core.pdf, id=1568, page=148, 614.29199pt x 794.96
596pt>
File: Depths_V46_2_Atlas_Corrected_Core.pdf Graphic file (type pdf)
<use Depths_V46_2_Atlas_Corrected_Core.pdf, page 148>
Package pdftex.def Info: Depths_V46_2_Atlas_Corrected_Core.pdf , page148 used o
n input line 126.
(pdftex.def)             Requested size: 614.58107pt x 795.34004pt.
File: Depths_V46_2_Atlas_Corrected_Core.pdf Graphic file (type pdf)
<use Depths_V46_2_Atlas_Corrected_Core.pdf, page 148>
Package pdftex.def Info: Depths_V46_2_Atlas_Corrected_Core.pdf , page148 used o
n input line 126.
(pdftex.def)             Requested size: 614.58107pt x 795.34004pt.
File: Depths_V46_2_Atlas_Corrected_Core.pdf Graphic file (type pdf)
<use Depths_V46_2_Atlas_Corrected_Core.pdf, page 148>
Package pdftex.def Info: Depths_V46_2_Atlas_Corrected_Core.pdf , page148 used o
n input line 126.
(pdftex.def)             Requested size: 614.58107pt x 795.34004pt.
 [151

 <./Depths_V46_2_Atlas_Corrected_Core.pdf>]
<Depths_V46_2_Atlas_Corrected_Core.pdf, id=1575, page=149, 614.29199pt x 794.96
596pt>
File: Depths_V46_2_Atlas_Corrected_Core.pdf Graphic file (type pdf)
<use Depths_V46_2_Atlas_Corrected_Core.pdf, page 149>
Package pdftex.def Info: Depths_V46_2_Atlas_Corrected_Core.pdf , page149 used o
n input line 126.
(pdftex.def)             Requested size: 614.58107pt x 795.34004pt.
File: Depths_V46_2_Atlas_Corrected_Core.pdf Graphic file (type pdf)
<use Depths_V46_2_Atlas_Corrected_Core.pdf, page 149>
Package pdftex.def Info: Depths_V46_2_Atlas_Corrected_Core.pdf , page149 used o
n input line 126.
(pdftex.def)             Requested size: 614.58107pt x 795.34004pt.
File: Depths_V46_2_Atlas_Corrected_Core.pdf Graphic file (type pdf)
<use Depths_V46_2_Atlas_Corrected_Core.pdf, page 149>
Package pdftex.def Info: Depths_V46_2_Atlas_Corrected_Core.pdf , page149 used o
n input line 126.
(pdftex.def)             Requested size: 614.58107pt x 795.34004pt.
 [152

 <./Depths_V46_2_Atlas_Corrected_Core.pdf>]
<Depths_V46_2_Atlas_Corrected_Core.pdf, id=1581, page=150, 614.295pt x 794.97pt
>
File: Depths_V46_2_Atlas_Corrected_Core.pdf Graphic file (type pdf)
<use Depths_V46_2_Atlas_Corrected_Core.pdf, page 150>
Package pdftex.def Info: Depths_V46_2_Atlas_Corrected_Core.pdf , page150 used o
n input line 126.
(pdftex.def)             Requested size: 614.58406pt x 795.3441pt.
File: Depths_V46_2_Atlas_Corrected_Core.pdf Graphic file (type pdf)
<use Depths_V46_2_Atlas_Corrected_Core.pdf, page 150>
Package pdftex.def Info: Depths_V46_2_Atlas_Corrected_Core.pdf , page150 used o
n input line 126.
(pdftex.def)             Requested size: 614.58406pt x 795.3441pt.
File: Depths_V46_2_Atlas_Corrected_Core.pdf Graphic file (type pdf)
<use Depths_V46_2_Atlas_Corrected_Core.pdf, page 150>
Package pdftex.def Info: Depths_V46_2_Atlas_Corrected_Core.pdf , page150 used o
n input line 126.
(pdftex.def)             Requested size: 614.58406pt x 795.3441pt.
 [153

 <./Depths_V46_2_Atlas_Corrected_Core.pdf>]
[154

{/opt/texlive/texdir/texmf-dist/fonts/enc/dvips/lm/lm-rm.enc}{/opt/texlive/texd
ir/texmf-dist/fonts/enc/dvips/lm/lm-mathex.enc}]
LaTeX Font Info:    Font shape `T1/lmtt/bx/n' in size <14.4> not available
(Font)              Font shape `T1/lmtt/b/n' tried instead on input line 176.
 [155] [156]
pdfTeX warning (ext4): destination with the same identifier (name{section.1}) h
as been already used, duplicate ignored
<to be read again> 
                   \relax 
l.258 \section{Formal AMLD setting}
                                   
pdfTeX warning (ext4): destination with the same identifier (name{definition.1.
1}) has been already used, duplicate ignored
<to be read again> 
                   \relax 
l.291 A
       n \emph{automated metalogical decider} for $(F,F^{\rm meta},B_0,T,T^-...
LaTeX Font Info:    Trying to load font information for OT1+lmss on input line 
293.
(/opt/texlive/texdir/texmf-dist/tex/latex/lm/ot1lmss.fd
File: ot1lmss.fd 2015/05/01 v1.6.1 Font defs for Latin Modern
)
Package microtype Info: Loading generic protrusion settings for font family
(microtype)             `lmss' (encoding: OT1).
(microtype)             For optimal results, create family-specific settings.
(microtype)             See the microtype manual for details.
 [157

] [158]
pdfTeX warning (ext4): destination with the same identifier (name{section.2}) h
as been already used, duplicate ignored
<to be read again> 
                   \relax 
l.345 ...e induction and conservative BANK growth}
                                                  
pdfTeX warning (ext4): destination with the same identifier (name{section.3}) h
as been already used, duplicate ignored
<to be read again> 
                   \relax 
l.380 ...y, BANK birth, and certificate induction}
                                                   [159]
pdfTeX warning (ext4): destination with the same identifier (name{section.4}) h
as been already used, duplicate ignored
<to be read again> 
                   \relax 
l.406 \section{Settlement time and refinement}
                                               [160] [161] [162] [163] [164]
[165

] (./source.aux)
 ***********
LaTeX2e <2026-06-01>
L3 programming layer <2026-06-18>
 ***********
Package rerunfilecheck Info: File `source.out' has not changed.
(rerunfilecheck)             Checksum: 219A782F4129523197DB976B799D6E38;6116.
 ) 
Here is how much of TeX's memory you used:
 26864 strings out of 467168
 505153 string characters out of 5411585
 925688 words of memory out of 5000000
 55213 multiletter control sequences out of 15000+600000
 720276 words of font info for 203 fonts, out of 8000000 for 9000
 1141 hyphenation exceptions out of 8191
 84i,17n,94p,1462b,665s stack positions out of 10000i,1000n,20000p,200000b,200000s
</opt/texlive/texdir/texmf-dist/fonts/type1/public/lm/lmbx10.pfb></opt/texliv
e/texdir/texmf-dist/fonts/type1/public/lm/lmbx12.pfb></opt/texlive/texdir/texmf
-dist/fonts/type1/public/lm/lmex10.pfb></opt/texlive/texdir/texmf-dist/fonts/ty
pe1/public/lm/lmmi10.pfb></opt/texlive/texdir/texmf-dist/fonts/type1/public/lm/
lmmi6.pfb></opt/texlive/texdir/texmf-dist/fonts/type1/public/lm/lmmi8.pfb></opt
/texlive/texdir/texmf-dist/fonts/type1/public/lm/lmr10.pfb></opt/texlive/texdir
/texmf-dist/fonts/type1/public/lm/lmr12.pfb></opt/texlive/texdir/texmf-dist/fon
ts/type1/public/lm/lmr6.pfb></opt/texlive/texdir/texmf-dist/fonts/type1/public/
lm/lmr8.pfb></opt/texlive/texdir/texmf-dist/fonts/type1/public/lm/lmri10.pfb></
opt/texlive/texdir/texmf-dist/fonts/type1/public/lm/lmss10.pfb></opt/texlive/te
xdir/texmf-dist/fonts/type1/public/lm/lmsy10.pfb></opt/texlive/texdir/texmf-dis
t/fonts/type1/public/lm/lmsy6.pfb></opt/texlive/texdir/texmf-dist/fonts/type1/p
ublic/lm/lmsy8.pfb></opt/texlive/texdir/texmf-dist/fonts/type1/public/lm/lmtk10
.pfb></opt/texlive/texdir/texmf-dist/fonts/type1/public/lm/lmtt10.pfb></opt/tex
live/texdir/texmf-dist/fonts/type1/public/amsfonts/symbols/msbm10.pfb>
Output written on source.pdf (166 pages, 1781943 bytes).
PDF statistics:
 1809 PDF objects out of 2073 (max. 8388607)
 1109 compressed objects within 12 object streams
 228 named destinations out of 1000 (max. 500000)
 54720 words of extra memory for PDF output out of 61914 (max. 10000000)

